[21:38:14] [main/INFO] [GradleStart]: userProperties: {}
[21:38:14] [main/INFO] [GradleStart]: assetsDir: /home/fearxhusky1/.gradle/caches/retro_futura_gradle/assets
[21:38:14] [main/INFO] [GradleStart]: assetIndex: 1.12.2
[21:38:14] [main/INFO] [GradleStart]: version: FML_DEV
[21:38:14] [main/INFO] [GradleStart]: username: Gommer
[21:38:14] [main/INFO] [GradleStart]: Extra: [--gameDir, /home/fearxhusky1/Desktop/NTM modding shit/Gommers-Combat-Addon/run/client, --uuid, 0f13b08b-cfbf-4ea7-8177-da9f6572b940]
[21:38:14] [main/INFO] [GradleStart]: Found and added coremod: team.chisel.ctm.client.asm.CTMCorePlugin
[21:38:14] [main/INFO] [GradleStart]: Found and added coremod: me.guichaguri.tickratechanger.TickrateChanger
[21:38:14] [main/INFO] [GradleStart]: Found and added coremod: com.cleanroommc.stripforgereq.StripLatestForgeRequirements
[21:38:14] [main/INFO] [GradleStart]: Found and added coremod: zone.rong.mixinbooter.MixinBooterPlugin
[21:38:14] [main/INFO] [GradleStart]: Found and added cascading tweaker: org.spongepowered.asm.launch.MixinTweaker
[21:38:14] [main/INFO] [GradleStart]: Found and added coremod: com.hbm.core.HbmCorePlugin
[21:38:14] [main/INFO] [GradleStart]: Found and added coremod: com.gca.core.LoadingPlugin
[21:38:14] [main/INFO] [GradleStart]: Running with arguments: [--userProperties, {}, --assetsDir, /home/fearxhusky1/.gradle/caches/retro_futura_gradle/assets, --assetIndex, 1.12.2, --accessToken{REDACTED}, --version, FML_DEV, --username, Gommer, --tweakClass, net.minecraftforge.fml.common.launcher.FMLTweaker, --gameDir, /home/fearxhusky1/Desktop/NTM modding shit/Gommers-Combat-Addon/run/client, --uuid, 0f13b08b-cfbf-4ea7-8177-da9f6572b940, --tweakClass, org.spongepowered.asm.launch.MixinTweaker, --tweakClass, net.minecraftforge.gradle.tweakers.CoremodTweaker]
[21:38:14] [main/INFO] [LaunchWrapper]: Loading tweak class name net.minecraftforge.fml.common.launcher.FMLTweaker
[21:38:14] [main/INFO] [LaunchWrapper]: Using primary tweak class name net.minecraftforge.fml.common.launcher.FMLTweaker
[21:38:14] [main/INFO] [LaunchWrapper]: Loading tweak class name org.spongepowered.asm.launch.MixinTweaker
[21:38:14] [main/INFO] [mixin]: SpongePowered MIXIN Subsystem Version=0.8.7 Source=file:/home/fearxhusky1/.gradle/caches/modules-2/files-2.1/zone.rong/mixinbooter/10.7/3fdfffe4fd446461ea9c3cb044484588997b9dbc/mixinbooter-10.7.jar Service=LaunchWrapper Env=CLIENT
[21:38:14] [main/INFO] [mixin]: Attempting to load Hot-Swap agent
[21:38:14] [main/INFO] [mixin]: Attempting to load Fernflower decompiler (Threaded mode)
[21:38:14] [main/INFO] [mixin]: Fernflower could not be loaded, exported classes will not be decompiled. NoClassDefFoundError: org/jetbrains/java/decompiler/main/extern/IResultSaver
[21:38:14] [main/INFO] [LaunchWrapper]: Loading tweak class name net.minecraftforge.gradle.tweakers.CoremodTweaker
[21:38:14] [main/INFO] [LaunchWrapper]: Calling tweak class net.minecraftforge.fml.common.launcher.FMLTweaker
[21:38:14] [main/INFO] [FML]: Forge Mod Loader version 14.23.5.2847 for Minecraft 1.12.2 loading
[21:38:14] [main/INFO] [FML]: Java is OpenJDK 64-Bit Server VM, version 1.8.0_492, running on Linux:amd64:6.18.38-2-cachyos-lts, installed at /home/fearxhusky1/.gradle/jdks/azul_systems__inc_-8-amd64-linux.2/jre
[21:38:14] [main/ERROR] [FML]: Apache Maven library folder was not in the format expected. Using default libraries directory.
[21:38:14] [main/ERROR] [FML]: Full: /home/fearxhusky1/.gradle/caches/modules-2/files-2.1/org.apache.maven/maven-artifact/3.5.3/7dc72b6d6d8a6dced3d294ed54c2cc3515ade9f4/maven-artifact-3.5.3.jar
[21:38:14] [main/ERROR] [FML]: Trimmed: /home/fearxhusky1/.gradle/caches/modules-2/files-2.1/org.apache.maven/maven-artifact/3.5.3/
[21:38:14] [main/INFO] [FML]: Managed to load a deobfuscated Minecraft name- we are in a deobfuscated environment. Skipping runtime deobfuscation
[21:38:14] [main/INFO] [FML]: Detected deobfuscated environment, loading log configs for colored console logs.
[21:38:15] [main/INFO] [FML]: Ignoring missing certificate for coremod FMLCorePlugin (net.minecraftforge.fml.relauncher.FMLCorePlugin), we are in deobf and it's a forge core plugin
[21:38:15] [main/INFO] [FML]: Ignoring missing certificate for coremod FMLForgePlugin (net.minecraftforge.classloading.FMLForgePlugin), we are in deobf and it's a forge core plugin
[21:38:15] [main/INFO] [FML]: Found a command line coremod : com.cleanroommc.stripforgereq.StripLatestForgeRequirements
[21:38:15] [main/WARN] [FML]: The coremod com.cleanroommc.stripforgereq.StripLatestForgeRequirements does not have a MCVersion annotation, it may cause issues with this version of Minecraft
[21:38:15] [main/INFO] [FML]: Ignoring missing certificate for coremod StripLatestForgeRequirements (com.cleanroommc.stripforgereq.StripLatestForgeRequirements), as this is probably a dev workspace
[21:38:15] [main/INFO] [FML]: Found a command line coremod : team.chisel.ctm.client.asm.CTMCorePlugin
[21:38:15] [main/WARN] [FML]: The coremod team.chisel.ctm.client.asm.CTMCorePlugin does not have a MCVersion annotation, it may cause issues with this version of Minecraft
[21:38:15] [main/INFO] [FML]: Ignoring missing certificate for coremod CTMCorePlugin (team.chisel.ctm.client.asm.CTMCorePlugin), as this is probably a dev workspace
[21:38:15] [main/INFO] [FML]: Found a command line coremod : com.gca.core.LoadingPlugin
[21:38:15] [main/INFO] [FML]: Ignoring missing certificate for coremod LoadingPlugin (com.gca.core.LoadingPlugin), as this is probably a dev workspace
[21:38:15] [main/INFO] [FML]: Found a command line coremod : com.hbm.core.HbmCorePlugin
[21:38:15] [main/INFO] [FML]: Ignoring missing certificate for coremod HbmCorePlugin (com.hbm.core.HbmCorePlugin), as this is probably a dev workspace
[21:38:15] [main/INFO] [FML]: Found a command line coremod : me.guichaguri.tickratechanger.TickrateChanger
[21:38:15] [main/WARN] [FML]: The coremod me.guichaguri.tickratechanger.TickrateChanger does not have a MCVersion annotation, it may cause issues with this version of Minecraft
[21:38:15] [main/INFO] [FML]: Ignoring missing certificate for coremod TickrateChanger (me.guichaguri.tickratechanger.TickrateChanger), as this is probably a dev workspace
[21:38:15] [main/INFO] [FML]: Found a command line coremod : zone.rong.mixinbooter.MixinBooterPlugin
[21:38:15] [main/WARN] [FML]: The coremod zone.rong.mixinbooter.MixinBooterPlugin does not have a MCVersion annotation, it may cause issues with this version of Minecraft
[21:38:15] [main/INFO] [FML]: Ignoring missing certificate for coremod MixinBooter (zone.rong.mixinbooter.MixinBooterPlugin), as this is probably a dev workspace
[21:38:15] [main/INFO] [MixinBooter]: Initializing Mixins...
[21:38:15] [main/INFO] [mixin]: Compatibility level set to JAVA_8
[21:38:15] [main/INFO] [MixinBooter]: Initializing MixinExtras...
[21:38:15] [main/INFO] [MixinBooter]: Gathering present mods...
[21:38:15] [main/INFO] [MixinBooter]: Finished gathering 11 coremods...
[21:38:15] [main/INFO] [FML]: Searching /home/fearxhusky1/Desktop/NTM modding shit/Gommers-Combat-Addon/run/client/mods for mods
[21:38:15] [main/INFO] [LaunchWrapper]: Calling tweak class org.spongepowered.asm.launch.MixinTweaker
[21:38:15] [main/INFO] [mixin]: Initialised Mixin FML Remapper Adapter with net.minecraftforge.fml.common.asm.transformers.deobf.FMLDeobfuscatingRemapper@44c79f32
[21:38:15] [main/INFO] [mixin]: Initialised Legacy FML Dev Remapper
[21:38:15] [main/INFO] [LaunchWrapper]: Calling tweak class net.minecraftforge.gradle.tweakers.CoremodTweaker
[21:38:15] [main/INFO] [GradleStart]: Injecting location in coremod net.minecraftforge.fml.relauncher.FMLCorePlugin
[21:38:15] [main/INFO] [GradleStart]: Injecting location in coremod net.minecraftforge.classloading.FMLForgePlugin
[21:38:15] [main/INFO] [GradleStart]: Injecting location in coremod com.cleanroommc.stripforgereq.StripLatestForgeRequirements
[21:38:15] [main/INFO] [GradleStart]: Injecting location in coremod team.chisel.ctm.client.asm.CTMCorePlugin
[21:38:15] [main/INFO] [GradleStart]: Injecting location in coremod com.gca.core.LoadingPlugin
[21:38:15] [main/INFO] [GradleStart]: Injecting location in coremod com.hbm.core.HbmCorePlugin
[21:38:15] [main/INFO] [GradleStart]: Injecting location in coremod me.guichaguri.tickratechanger.TickrateChanger
[21:38:15] [main/INFO] [GradleStart]: Injecting location in coremod zone.rong.mixinbooter.MixinBooterPlugin
[21:38:15] [main/INFO] [LaunchWrapper]: Loading tweak class name net.minecraftforge.fml.common.launcher.FMLInjectionAndSortingTweaker
[21:38:15] [main/INFO] [LaunchWrapper]: Loading tweak class name net.minecraftforge.fml.common.launcher.FMLDeobfTweaker
[21:38:15] [main/INFO] [LaunchWrapper]: Loading tweak class name org.spongepowered.asm.mixin.EnvironmentStateTweaker
[21:38:15] [main/INFO] [LaunchWrapper]: Loading tweak class name net.minecraftforge.gradle.tweakers.AccessTransformerTweaker
[21:38:15] [main/INFO] [LaunchWrapper]: Calling tweak class net.minecraftforge.fml.common.launcher.FMLInjectionAndSortingTweaker
[21:38:15] [main/INFO] [LaunchWrapper]: Calling tweak class net.minecraftforge.fml.common.launcher.FMLInjectionAndSortingTweaker
[21:38:15] [main/INFO] [LaunchWrapper]: Calling tweak class net.minecraftforge.fml.relauncher.CoreModManager$FMLPluginWrapper
[21:38:15] [main/INFO] [MixinBooter]: Loading early loader com.cleanroommc.stripforgereq.StripLatestForgeRequirements for its mixins.
[21:38:15] [main/INFO] [MixinBooter]: Adding [mixins.striplatestforgerequirements.json] mixin configuration.
[21:38:15] [main/INFO] [MixinBooter]: Loading early loader com.gca.core.LoadingPlugin for its mixins.
[21:38:15] [main/INFO] [MixinBooter]: Adding [mixins.gca.json] mixin configuration.
[21:38:15] [main/INFO] [MixinBooter]: Loading early loader com.hbm.core.HbmCorePlugin for its mixins.
[21:38:15] [main/INFO] [MixinBooter]: Adding [hbm.common.mixin.json] mixin configuration.
[21:38:15] [main/INFO] [MixinBooter]: Adding [hbm.mod.mixin.json] mixin configuration.
[21:38:15] [main/INFO] [MixinBooter]: Adding [hbm.vanilla.mixin.json] mixin configuration.
[21:38:15] [main/INFO] [LaunchWrapper]: Calling tweak class net.minecraftforge.fml.relauncher.CoreModManager$FMLPluginWrapper
[21:38:15] [main/ERROR] [FML]: FML appears to be missing any signature data. This is not a good thing
[21:38:15] [main/INFO] [LaunchWrapper]: Calling tweak class net.minecraftforge.fml.relauncher.CoreModManager$FMLPluginWrapper
[21:38:15] [main/INFO] [LaunchWrapper]: Calling tweak class net.minecraftforge.fml.relauncher.CoreModManager$FMLPluginWrapper
[21:38:15] [main/INFO] [LaunchWrapper]: Calling tweak class net.minecraftforge.fml.relauncher.CoreModManager$FMLPluginWrapper
[21:38:15] [main/INFO] [LaunchWrapper]: Calling tweak class net.minecraftforge.fml.relauncher.CoreModManager$FMLPluginWrapper
[21:38:15] [main/INFO] [LaunchWrapper]: Calling tweak class org.spongepowered.asm.mixin.EnvironmentStateTweaker
[21:38:15] [main/INFO] [LaunchWrapper]: Calling tweak class net.minecraftforge.fml.common.launcher.FMLDeobfTweaker
[21:38:15] [main/INFO] [LaunchWrapper]: Calling tweak class net.minecraftforge.gradle.tweakers.AccessTransformerTweaker
[21:38:15] [main/INFO] [GradleStart]: Remapping AccessTransformer rules...
[21:38:15] [main/INFO] [LaunchWrapper]: Calling tweak class net.minecraftforge.fml.relauncher.CoreModManager$FMLPluginWrapper
[21:38:15] [main/INFO] [LaunchWrapper]: Calling tweak class net.minecraftforge.fml.relauncher.CoreModManager$FMLPluginWrapper
[21:38:15] [main/INFO] [LaunchWrapper]: Loading tweak class name net.minecraftforge.fml.common.launcher.TerminalTweaker
[21:38:15] [main/INFO] [LaunchWrapper]: Calling tweak class net.minecraftforge.fml.common.launcher.TerminalTweaker
[21:38:15] [main/ERROR] [mixin]: Classloader restrictions [PACKAGE_TRANSFORMER_EXCLUSION] encountered loading hbm.common.mixin.json:MixinFMLProxyPacket from owner hbm, name: com.hbm.mixin.MixinFMLProxyPacket
[21:38:15] [main/ERROR] [mixin]: Classloader restrictions [PACKAGE_TRANSFORMER_EXCLUSION] encountered loading hbm.common.mixin.json:MixinNetworkDispatcher from owner hbm, name: com.hbm.mixin.MixinNetworkDispatcher
[21:38:15] [main/ERROR] [mixin]: Classloader restrictions [PACKAGE_TRANSFORMER_EXCLUSION] encountered loading hbm.common.mixin.json:MixinCompiledChunk from owner hbm, name: com.hbm.mixin.MixinCompiledChunk
[21:38:15] [main/ERROR] [mixin]: Classloader restrictions [PACKAGE_TRANSFORMER_EXCLUSION] encountered loading hbm.common.mixin.json:MixinSetVisibility from owner hbm, name: com.hbm.mixin.MixinSetVisibility
[21:38:15] [main/ERROR] [mixin]: Classloader restrictions [PACKAGE_TRANSFORMER_EXCLUSION] encountered loading hbm.common.mixin.json:MixinRenderChunk from owner hbm, name: com.hbm.mixin.MixinRenderChunk
[21:38:15] [main/ERROR] [mixin]: Classloader restrictions [PACKAGE_TRANSFORMER_EXCLUSION] encountered loading hbm.common.mixin.json:MixinRenderGlobal from owner hbm, name: com.hbm.mixin.MixinRenderGlobal
[21:38:15] [main/ERROR] [mixin]: Classloader restrictions [PACKAGE_TRANSFORMER_EXCLUSION] encountered loading hbm.common.mixin.json:MixinTileEntity from owner hbm, name: com.hbm.mixin.MixinTileEntity
[21:38:15] [main/ERROR] [mixin]: Classloader restrictions [PACKAGE_TRANSFORMER_EXCLUSION] encountered loading hbm.common.mixin.json:MixinRenderPlayerManly from owner hbm, name: com.hbm.mixin.MixinRenderPlayerManly
[21:38:15] [main/ERROR] [mixin]: Classloader restrictions [PACKAGE_TRANSFORMER_EXCLUSION] encountered loading hbm.vanilla.mixin.json:base.MixinBufferBuilder from owner hbm, name: com.hbm.mixin.vanilla.base.MixinBufferBuilder
[21:38:15] [main/ERROR] [mixin]: Classloader restrictions [PACKAGE_TRANSFORMER_EXCLUSION] encountered loading hbm.vanilla.mixin.json:betterfoliage.MixinRenderChunkBlockTrackVanilla from owner hbm, name: com.hbm.mixin.vanilla.betterfoliage.MixinRenderChunkBlockTrackVanilla
[21:38:15] [main/ERROR] [mixin]: Classloader restrictions [PACKAGE_TRANSFORMER_EXCLUSION] encountered loading hbm.vanilla.mixin.json:betterfoliage.MixinRenderChunkBlockTrackBetterFoliage from owner hbm, name: com.hbm.mixin.vanilla.betterfoliage.MixinRenderChunkBlockTrackBetterFoliage
[21:38:15] [main/ERROR] [mixin]: Classloader restrictions [PACKAGE_TRANSFORMER_EXCLUSION] encountered loading hbm.vanilla.mixin.json:MixinRenderGlobal from owner hbm, name: com.hbm.mixin.vanilla.MixinRenderGlobal
[21:38:15] [main/ERROR] [mixin]: Classloader restrictions [PACKAGE_TRANSFORMER_EXCLUSION] encountered loading hbm.vanilla.mixin.json:celeritas.MixinRenderGlobal from owner hbm, name: com.hbm.mixin.vanilla.celeritas.MixinRenderGlobal
[21:38:15] [main/ERROR] [mixin]: Classloader restrictions [PACKAGE_TRANSFORMER_EXCLUSION] encountered loading hbm.vanilla.mixin.json:neonium.MixinBufferBuilder from owner hbm, name: com.hbm.mixin.vanilla.neonium.MixinBufferBuilder
[21:38:15] [main/ERROR] [mixin]: Classloader restrictions [PACKAGE_TRANSFORMER_EXCLUSION] encountered loading hbm.vanilla.mixin.json:neonium.MixinChunkRenderManager from owner hbm, name: com.hbm.mixin.vanilla.neonium.MixinChunkRenderManager
[21:38:15] [main/ERROR] [mixin]: Classloader restrictions [PACKAGE_TRANSFORMER_EXCLUSION] encountered loading hbm.vanilla.mixin.json:neonium.MixinRenderGlobal from owner hbm, name: com.hbm.mixin.vanilla.neonium.MixinRenderGlobal
[21:38:15] [main/ERROR] [mixin]: Classloader restrictions [PACKAGE_TRANSFORMER_EXCLUSION] encountered loading hbm.vanilla.mixin.json:neonium.MixinSodiumWorldRenderer from owner hbm, name: com.hbm.mixin.vanilla.neonium.MixinSodiumWorldRenderer
[21:38:15] [main/ERROR] [mixin]: Classloader restrictions [PACKAGE_TRANSFORMER_EXCLUSION] encountered loading hbm.vanilla.mixin.json:nothirium.MixinBufferBuilder from owner hbm, name: com.hbm.mixin.vanilla.nothirium.MixinBufferBuilder
[21:38:15] [main/ERROR] [mixin]: Classloader restrictions [PACKAGE_TRANSFORMER_EXCLUSION] encountered loading hbm.vanilla.mixin.json:nothirium.MixinBufferBuilderOptifine from owner hbm, name: com.hbm.mixin.vanilla.nothirium.MixinBufferBuilderOptifine
[21:38:15] [main/ERROR] [mixin]: Classloader restrictions [PACKAGE_TRANSFORMER_EXCLUSION] encountered loading hbm.vanilla.mixin.json:nothirium.MixinAbstractChunkRenderer from owner hbm, name: com.hbm.mixin.vanilla.nothirium.MixinAbstractChunkRenderer
[21:38:15] [main/ERROR] [mixin]: Classloader restrictions [PACKAGE_TRANSFORMER_EXCLUSION] encountered loading hbm.vanilla.mixin.json:nothirium.MixinRenderGlobal from owner hbm, name: com.hbm.mixin.vanilla.nothirium.MixinRenderGlobal
[21:38:15] [main/ERROR] [mixin]: Classloader restrictions [PACKAGE_TRANSFORMER_EXCLUSION] encountered loading hbm.vanilla.mixin.json:optifine.MixinBufferBuilder from owner hbm, name: com.hbm.mixin.vanilla.optifine.MixinBufferBuilder
[21:38:15] [main/ERROR] [mixin]: Classloader restrictions [PACKAGE_TRANSFORMER_EXCLUSION] encountered loading hbm.vanilla.mixin.json:optifine.MixinRenderGlobal from owner hbm, name: com.hbm.mixin.vanilla.optifine.MixinRenderGlobal
[21:38:15] [main/ERROR] [mixin]: Classloader restrictions [PACKAGE_TRANSFORMER_EXCLUSION] encountered loading hbm.mod.mixin.json:potioncore.MixinPotionCoreEventHandler from owner hbm, name: com.hbm.mixin.mod.potioncore.MixinPotionCoreEventHandler
[21:38:15] [main/ERROR] [mixin]: Classloader restrictions [PACKAGE_TRANSFORMER_EXCLUSION] encountered loading hbm.mod.mixin.json:ae2.MixinPartFluidImportBus from owner hbm, name: com.hbm.mixin.mod.ae2.MixinPartFluidImportBus
[21:38:15] [main/ERROR] [mixin]: Classloader restrictions [PACKAGE_TRANSFORMER_EXCLUSION] encountered loading hbm.mod.mixin.json:celeritas.MixinBuiltRenderSectionData from owner hbm, name: com.hbm.mixin.mod.celeritas.MixinBuiltRenderSectionData
[21:38:15] [main/ERROR] [mixin]: Classloader restrictions [PACKAGE_TRANSFORMER_EXCLUSION] encountered loading hbm.mod.mixin.json:celeritas.MixinCameraTransform from owner hbm, name: com.hbm.mixin.mod.celeritas.MixinCameraTransform
[21:38:15] [main/ERROR] [mixin]: Classloader restrictions [PACKAGE_TRANSFORMER_EXCLUSION] encountered loading hbm.mod.mixin.json:celeritas.MixinCeleritasWorldRenderer from owner hbm, name: com.hbm.mixin.mod.celeritas.MixinCeleritasWorldRenderer
[21:38:15] [main/ERROR] [mixin]: Classloader restrictions [PACKAGE_TRANSFORMER_EXCLUSION] encountered loading hbm.mod.mixin.json:celeritas.MixinChunkBuilderMeshingTask from owner hbm, name: com.hbm.mixin.mod.celeritas.MixinChunkBuilderMeshingTask
[21:38:15] [main/ERROR] [mixin]: Classloader restrictions [PACKAGE_TRANSFORMER_EXCLUSION] encountered loading hbm.mod.mixin.json:celeritas.MixinDefaultChunkRenderer from owner hbm, name: com.hbm.mixin.mod.celeritas.MixinDefaultChunkRenderer
[21:38:15] [main/ERROR] [mixin]: Classloader restrictions [PACKAGE_TRANSFORMER_EXCLUSION] encountered loading hbm.mod.mixin.json:celeritas.MixinOcclusionCuller from owner hbm, name: com.hbm.mixin.mod.celeritas.MixinOcclusionCuller
[21:38:15] [main/ERROR] [mixin]: Classloader restrictions [PACKAGE_TRANSFORMER_EXCLUSION] encountered loading hbm.mod.mixin.json:celeritas.MixinRenderSectionManager from owner hbm, name: com.hbm.mixin.mod.celeritas.MixinRenderSectionManager
[21:38:15] [main/ERROR] [mixin]: Classloader restrictions [PACKAGE_TRANSFORMER_EXCLUSION] encountered loading hbm.mod.mixin.json:celeritas.MixinViewport from owner hbm, name: com.hbm.mixin.mod.celeritas.MixinViewport
[21:38:15] [main/ERROR] [mixin]: Classloader restrictions [PACKAGE_TRANSFORMER_EXCLUSION] encountered loading hbm.mod.mixin.json:neonium.MixinChunkGraphNode from owner hbm, name: com.hbm.mixin.mod.neonium.MixinChunkGraphNode
[21:38:15] [main/ERROR] [mixin]: Classloader restrictions [PACKAGE_TRANSFORMER_EXCLUSION] encountered loading hbm.mod.mixin.json:neonium.MixinChunkRenderRebuildTask from owner hbm, name: com.hbm.mixin.mod.neonium.MixinChunkRenderRebuildTask
[21:38:15] [main/ERROR] [mixin]: Classloader restrictions [PACKAGE_TRANSFORMER_EXCLUSION] encountered loading hbm.mod.mixin.json:nothirium.MixinAbstractRenderChunk from owner hbm, name: com.hbm.mixin.mod.nothirium.MixinAbstractRenderChunk
[21:38:15] [main/ERROR] [mixin]: Classloader restrictions [PACKAGE_TRANSFORMER_EXCLUSION] encountered loading hbm.mod.mixin.json:nothirium.MixinRenderChunkTaskCompile from owner hbm, name: com.hbm.mixin.mod.nothirium.MixinRenderChunkTaskCompile
[21:38:15] [main/ERROR] [mixin]: Classloader restrictions [PACKAGE_TRANSFORMER_EXCLUSION] encountered loading hbm.mod.mixin.json:nothirium.MixinVisibilitySet from owner hbm, name: com.hbm.mixin.mod.nothirium.MixinVisibilitySet
[21:38:15] [main/ERROR] [mixin]: Classloader restrictions [PACKAGE_TRANSFORMER_EXCLUSION] encountered loading hbm.mod.mixin.json:optifine.MixinRenderItem from owner hbm, name: com.hbm.mixin.mod.optifine.MixinRenderItem
[21:38:15] [main/INFO] [LaunchWrapper]: Launching wrapped minecraft {net.minecraft.client.main.Main}
[21:38:16] [Client thread/INFO] [Tickrate Changer]: Applying ASM to Minecraft methods...
[21:38:16] [Client thread/INFO] [STDOUT]: [team.chisel.ctm.client.asm.CTMTransformer:preTransform:230]: Transforming Class [net.minecraftforge.client.ForgeHooksClient], Method [getDamageModel]
[21:38:16] [Client thread/INFO] [STDOUT]: [team.chisel.ctm.client.asm.CTMTransformer:finishTransform:242]: Transforming net.minecraftforge.client.ForgeHooksClient Finished.
[21:38:16] [Client thread/INFO] [net.minecraft.client.Minecraft]: Setting user: Gommer
[21:38:16] [Client thread/INFO] [STDOUT]: [team.chisel.ctm.client.asm.CTMTransformer:preTransform:230]: Transforming Class [net.minecraft.block.Block], Method [getExtendedState]
[21:38:16] [Client thread/INFO] [STDOUT]: [team.chisel.ctm.client.asm.CTMTransformer:finishTransform:242]: Transforming net.minecraft.block.Block Finished.
[21:38:16] [Client thread/INFO] [HBM CoreMod]: Patching class net.minecraft.entity.item.EntityItem / net.minecraft.entity.item.EntityItem
[21:38:16] [Client thread/INFO] [HBM CoreMod]: Patching method: onUpdate / onUpdate
[21:38:16] [Client thread/INFO] [HBM CoreMod]: Injected HazardSystem hook into EntityItem#onUpdate (all return site(s))
[21:38:16] [Client thread/INFO] [MixinExtras|Service]: Initializing MixinExtras via com.llamalad7.mixinextras.service.MixinExtrasServiceImpl(version=0.5.0).
[21:38:17] [Client thread/INFO] [HBM CoreMod]: Patching class net.minecraft.inventory.Container / net.minecraft.inventory.Container
[21:38:17] [Client thread/INFO] [HBM CoreMod]: Patching method: detectAndSendChanges / detectAndSendChanges
[21:38:17] [Client thread/INFO] [HBM CoreMod]: Injected hook at NonNullList#set site
[21:38:17] [Client thread/WARN] [net.minecraft.client.settings.GameSettings]: Skipping bad option: lastServer:
[21:38:17] [Client thread/INFO] [HBM CoreMod]: Patching class net.minecraft.entity.player.InventoryPlayer / net.minecraft.entity.player.InventoryPlayer
[21:38:17] [Client thread/INFO] [HBM CoreMod]: Patching method: setInventorySlotContents / setInventorySlotContents
[21:38:17] [Client thread/INFO] [net.minecraft.client.Minecraft]: LWJGL Version: 2.9.4
[21:38:17] [Client thread/INFO] [HBM CoreMod]: Patching class net.minecraft.client.renderer.GlStateManager / net.minecraft.client.renderer.GlStateManager
[21:38:18] [Client thread/INFO] [FML]: -- System Details --
Details:
	Minecraft Version: 1.12.2
	Operating System: Linux (amd64) version 6.18.38-2-cachyos-lts
	Java Version: 1.8.0_492, Azul Systems, Inc.
	Java VM Version: OpenJDK 64-Bit Server VM (mixed mode), Azul Systems, Inc.
	Memory: 792455360 bytes (755 MB) / 1297612800 bytes (1237 MB) up to 5726797824 bytes (5461 MB)
	JVM Flags: 2 total; -Xms1G -Xmx6G
	IntCache: cache: 0, tcache: 0, allocated: 0, tallocated: 0
	FML: 
	Loaded coremods (and transformers): 
StripLatestForgeRequirements (strip-latest-forge-requirements-1.0-dev.jar)
  
LoadingPlugin (NTM_GCA-CE_Addon-dev.jar)
  
HbmCorePlugin (hbm-nuclear-tech-mod-community-edition-1312314-8738822-deobf.jar)
  com.hbm.core.HbmCoreTransformer
MixinBooter (mixinbooter-10.7.jar)
  
CTMCorePlugin (CTM-MC1.12.2-1.0.2.31-deobf.jar)
  team.chisel.ctm.client.asm.CTMTransformer
TickrateChanger (TickrateChanger-1.0.14-deobf.jar)
  me.guichaguri.tickratechanger.TickrateTransformer
	GL info: ' Vendor: 'AMD' Version: '4.6 (Compatibility Profile) Mesa 26.1.0-arch2.1' Renderer: 'AMD Radeon RX 9060 XT (radeonsi, gfx1200, ACO, DRM 3.64, 6.18.38-2-cachyos-lts)'
[21:38:18] [Client thread/INFO] [FML]: MinecraftForge v14.23.5.2847 Initialized
[21:38:18] [Client thread/INFO] [FML]: Starts to replace vanilla recipe ingredients with ore ingredients.
[21:38:18] [Client thread/INFO] [FML]: Invalid recipe found with multiple oredict ingredients in the same ingredient...
[21:38:18] [Client thread/INFO] [FML]: Replaced 1227 ore ingredients
[21:38:18] [Client thread/INFO] [HBM CoreMod]: Patching class net.minecraftforge.common.ForgeHooks / net.minecraftforge.common.ForgeHooks
[21:38:18] [Client thread/INFO] [HBM CoreMod]: Patching method: onPickBlock(Lnet/minecraft/util/math/RayTraceResult;Lnet/minecraft/entity/player/EntityPlayer;Lnet/minecraft/world/World;)Z
[21:38:18] [Client thread/INFO] [HBM CoreMod]: Patching method: isLivingOnLadder(Lnet/minecraft/block/state/IBlockState;Lnet/minecraft/world/World;Lnet/minecraft/util/math/BlockPos;Lnet/minecraft/entity/EntityLivingBase;)Z
[21:38:18] [Client thread/INFO] [HBM CoreMod]: Injected CheckLadderEvent hook before fullBoundingBoxLadders read
[21:38:18] [Client thread/INFO] [MixinBooter]: Initializing MixinBooter's Mod Container.
[21:38:18] [Client thread/INFO] [FML]: Searching /home/fearxhusky1/Desktop/NTM modding shit/Gommers-Combat-Addon/run/client/mods for mods
[21:38:19] [Client thread/INFO] [FML]: Forge Mod Loader has identified 16 mods to load
[21:38:20] [Client thread/INFO] [FML]: Attempting connection with missing mods [minecraft, mcp, mixinbooter, FML, forge, hbmcore, backups, worldedit, extrautils2, ctm, tickratechanger, naturescompass, jei, theoneprobe, hbm, gca] at CLIENT
[21:38:20] [Client thread/INFO] [FML]: Attempting connection with missing mods [minecraft, mcp, mixinbooter, FML, forge, hbmcore, backups, worldedit, extrautils2, ctm, tickratechanger, naturescompass, jei, theoneprobe, hbm, gca] at SERVER
[21:38:20] [Thread-3/INFO] [FML]: Using sync timing. 200 frames of Display.update took 101882997 nanos
[21:38:20] [Client thread/INFO] [extrautils2]: Dev Enviroment detected. Releasing hounds...
[21:38:20] [Client thread/INFO] [STDOUT]: [team.chisel.ctm.client.asm.CTMTransformer:preTransform:230]: Transforming Class [net.minecraft.client.renderer.texture.TextureMap], Method [registerSprite]
[21:38:20] [Client thread/INFO] [STDOUT]: [team.chisel.ctm.client.asm.CTMTransformer:finishTransform:242]: Transforming net.minecraft.client.renderer.texture.TextureMap Finished.
[21:38:20] [Client thread/INFO] [STDOUT]: [team.chisel.ctm.client.asm.CTMTransformer:preTransform:230]: Transforming Class [net.minecraft.client.renderer.texture.TextureAtlasSprite], Method [updateAnimationInterpolated]
[21:38:20] [Client thread/INFO] [STDOUT]: [team.chisel.ctm.client.asm.CTMTransformer:finishTransform:242]: Transforming net.minecraft.client.renderer.texture.TextureAtlasSprite Finished.
[21:38:20] [Client thread/INFO] [net.minecraft.client.resources.SimpleReloadableResourceManager]: Reloading ResourceManager: Default, FMLFileResourcePack:Forge Mod Loader, FMLFileResourcePack:Minecraft Forge, FMLFileResourcePack:Backups, FMLFileResourcePack:WorldEdit, FMLFileResourcePack:Extra Utilities 2, FMLFileResourcePack:CTM, FMLFileResourcePack:Tickrate Changer, FMLFileResourcePack:Nature's Compass, FMLFileResourcePack:Just Enough Items, FMLFileResourcePack:The One Probe, FMLFileResourcePack:HBM's Nuclear Tech - Community Edition, FMLFileResourcePack:Gommers Combat Addon
[21:38:20] [Client thread/INFO] [FML]: Processing ObjectHolder annotations
[21:38:20] [Client thread/INFO] [FML]: Found 1168 ObjectHolder annotations
[21:38:20] [Client thread/INFO] [FML]: Identifying ItemStackHolder annotations
[21:38:20] [Client thread/INFO] [FML]: Found 0 ItemStackHolder annotations
[21:38:20] [Client thread/INFO] [FML]: Configured a dormant chunk cache size of 0
[21:38:20] [Forge Version Check/INFO] [forge.VersionCheck]: [forge] Starting version check at http://files.minecraftforge.net/maven/net/minecraftforge/forge/promotions_slim.json
[21:38:21] [Forge Version Check/INFO] [forge.VersionCheck]: [forge] Found status: OUTDATED Target: 14.23.5.2859
[21:38:21] [Forge Version Check/INFO] [forge.VersionCheck]: [backups] Starting version check at https://raw.githubusercontent.com/Silly511/Backups-Mod/master/update.json
[21:38:21] [Forge Version Check/INFO] [forge.VersionCheck]: [backups] Found status: UP_TO_DATE Target: null
[21:38:21] [Client thread/WARN] [FML]: Potentially Dangerous alternative prefix `xu2` for name `xutesrtile`, expected `extrautils2`. This could be a intended override, but in most cases indicates a broken mod.
[21:38:21] [Client thread/WARN] [FML]: Potentially Dangerous alternative prefix `xu2` for name `tilesoundmuffler`, expected `extrautils2`. This could be a intended override, but in most cases indicates a broken mod.
[21:38:21] [Client thread/WARN] [FML]: Potentially Dangerous alternative prefix `xu2` for name `tiletrashcan`, expected `extrautils2`. This could be a intended override, but in most cases indicates a broken mod.
[21:38:21] [Client thread/WARN] [FML]: Potentially Dangerous alternative prefix `xu2` for name `tiletrashcanfluids`, expected `extrautils2`. This could be a intended override, but in most cases indicates a broken mod.
[21:38:21] [Client thread/WARN] [FML]: Potentially Dangerous alternative prefix `xu2` for name `tiletrashcanenergy`, expected `extrautils2`. This could be a intended override, but in most cases indicates a broken mod.
[21:38:21] [Client thread/WARN] [FML]: Potentially Dangerous alternative prefix `xu2` for name `tilepassivegenerator`, expected `extrautils2`. This could be a intended override, but in most cases indicates a broken mod.
[21:38:21] [Client thread/WARN] [FML]: Potentially Dangerous alternative prefix `xu2` for name `tilepowerhandcrank`, expected `extrautils2`. This could be a intended override, but in most cases indicates a broken mod.
[21:38:21] [Client thread/WARN] [FML]: Potentially Dangerous alternative prefix `xu2` for name `tilesupermobspawner`, expected `extrautils2`. This could be a intended override, but in most cases indicates a broken mod.
[21:38:21] [Client thread/WARN] [FML]: Potentially Dangerous alternative prefix `xu2` for name `tilepoweroverload`, expected `extrautils2`. This could be a intended override, but in most cases indicates a broken mod.
[21:38:21] [Client thread/WARN] [FML]: Potentially Dangerous alternative prefix `xu2` for name `tileresonator`, expected `extrautils2`. This could be a intended override, but in most cases indicates a broken mod.
[21:38:21] [Client thread/WARN] [FML]: Potentially Dangerous alternative prefix `xu2` for name `tilespotlight`, expected `extrautils2`. This could be a intended override, but in most cases indicates a broken mod.
[21:38:21] [Client thread/WARN] [FML]: Potentially Dangerous alternative prefix `xu2` for name `tilescreen`, expected `extrautils2`. This could be a intended override, but in most cases indicates a broken mod.
[21:38:21] [Client thread/WARN] [FML]: Potentially Dangerous alternative prefix `xu2` for name `tiletransferholder`, expected `extrautils2`. This could be a intended override, but in most cases indicates a broken mod.
[21:38:21] [Client thread/WARN] [FML]: Potentially Dangerous alternative prefix `xu2` for name `tileplayerchest`, expected `extrautils2`. This could be a intended override, but in most cases indicates a broken mod.
[21:38:21] [Client thread/WARN] [FML]: Potentially Dangerous alternative prefix `xu2` for name `tilechunkloader`, expected `extrautils2`. This could be a intended override, but in most cases indicates a broken mod.
[21:38:21] [Client thread/WARN] [FML]: Potentially Dangerous alternative prefix `xu2` for name `tileindexer`, expected `extrautils2`. This could be a intended override, but in most cases indicates a broken mod.
[21:38:21] [Client thread/WARN] [FML]: Potentially Dangerous alternative prefix `xu2` for name `tilecrafter`, expected `extrautils2`. This could be a intended override, but in most cases indicates a broken mod.
[21:38:21] [Client thread/WARN] [FML]: Potentially Dangerous alternative prefix `xu2` for name `tilescanner`, expected `extrautils2`. This could be a intended override, but in most cases indicates a broken mod.
[21:38:21] [Client thread/WARN] [FML]: Potentially Dangerous alternative prefix `xu2` for name `tilemine`, expected `extrautils2`. This could be a intended override, but in most cases indicates a broken mod.
[21:38:21] [Client thread/WARN] [FML]: Potentially Dangerous alternative prefix `xu2` for name `tileuse`, expected `extrautils2`. This could be a intended override, but in most cases indicates a broken mod.
[21:38:21] [Client thread/WARN] [FML]: Potentially Dangerous alternative prefix `xu2` for name `tank16`, expected `extrautils2`. This could be a intended override, but in most cases indicates a broken mod.
[21:38:21] [Client thread/WARN] [FML]: Potentially Dangerous alternative prefix `xu2` for name `tank256`, expected `extrautils2`. This could be a intended override, but in most cases indicates a broken mod.
[21:38:21] [Client thread/WARN] [FML]: Potentially Dangerous alternative prefix `xu2` for name `tank4096`, expected `extrautils2`. This could be a intended override, but in most cases indicates a broken mod.
[21:38:21] [Client thread/WARN] [FML]: Potentially Dangerous alternative prefix `xu2` for name `tank65536`, expected `extrautils2`. This could be a intended override, but in most cases indicates a broken mod.
[21:38:21] [Client thread/WARN] [FML]: Potentially Dangerous alternative prefix `xu2` for name `tankinf`, expected `extrautils2`. This could be a intended override, but in most cases indicates a broken mod.
[21:38:21] [Client thread/WARN] [FML]: Potentially Dangerous alternative prefix `xu2` for name `tilemachineprovider`, expected `extrautils2`. This could be a intended override, but in most cases indicates a broken mod.
[21:38:21] [Client thread/WARN] [FML]: Potentially Dangerous alternative prefix `xu2` for name `tilemachinereceiver`, expected `extrautils2`. This could be a intended override, but in most cases indicates a broken mod.
[21:38:21] [Client thread/WARN] [FML]: Potentially Dangerous alternative prefix `xu2` for name `tileteleporter`, expected `extrautils2`. This could be a intended override, but in most cases indicates a broken mod.
[21:38:21] [Client thread/WARN] [FML]: Potentially Dangerous alternative prefix `xu2` for name `tilepowertransmitter`, expected `extrautils2`. This could be a intended override, but in most cases indicates a broken mod.
[21:38:21] [Client thread/WARN] [FML]: Potentially Dangerous alternative prefix `xu2` for name `tilepowerbattery`, expected `extrautils2`. This could be a intended override, but in most cases indicates a broken mod.
[21:38:21] [Client thread/WARN] [FML]: Potentially Dangerous alternative prefix `xu2` for name `tilequarryproxy`, expected `extrautils2`. This could be a intended override, but in most cases indicates a broken mod.
[21:38:21] [Client thread/WARN] [FML]: Potentially Dangerous alternative prefix `xu2` for name `tilequarry`, expected `extrautils2`. This could be a intended override, but in most cases indicates a broken mod.
[21:38:21] [Client thread/WARN] [FML]: Potentially Dangerous alternative prefix `xu2` for name `tilelargishchest`, expected `extrautils2`. This could be a intended override, but in most cases indicates a broken mod.
[21:38:21] [Client thread/WARN] [FML]: Potentially Dangerous alternative prefix `xu2` for name `tileminchest`, expected `extrautils2`. This could be a intended override, but in most cases indicates a broken mod.
[21:38:21] [Client thread/WARN] [FML]: Potentially Dangerous alternative prefix `xu2` for name `tilerainbowgenerator`, expected `extrautils2`. This could be a intended override, but in most cases indicates a broken mod.
[21:38:21] [Client thread/WARN] [FML]: Potentially Dangerous alternative prefix `xu2` for name `tilecreativechest`, expected `extrautils2`. This could be a intended override, but in most cases indicates a broken mod.
[21:38:21] [Client thread/WARN] [FML]: Potentially Dangerous alternative prefix `xu2` for name `tilecreativeenergy`, expected `extrautils2`. This could be a intended override, but in most cases indicates a broken mod.
[21:38:21] [Client thread/WARN] [FML]: Potentially Dangerous alternative prefix `xu2` for name `tilecreativeharvest`, expected `extrautils2`. This could be a intended override, but in most cases indicates a broken mod.
[21:38:21] [Client thread/WARN] [FML]: Potentially Dangerous alternative prefix `xu2` for name `tileterraformer`, expected `extrautils2`. This could be a intended override, but in most cases indicates a broken mod.
[21:38:21] [Client thread/WARN] [FML]: Potentially Dangerous alternative prefix `xu2` for name `tileterraformerclimograph`, expected `extrautils2`. This could be a intended override, but in most cases indicates a broken mod.
[21:38:21] [Client thread/WARN] [FML]: Potentially Dangerous alternative prefix `xu2` for name `tiletrashchest`, expected `extrautils2`. This could be a intended override, but in most cases indicates a broken mod.
[21:38:21] [Client thread/WARN] [FML]: Potentially Dangerous alternative prefix `xu2` for name `tileanalogcrafter`, expected `extrautils2`. This could be a intended override, but in most cases indicates a broken mod.
[21:38:21] [Client thread/WARN] [FML]: Potentially Dangerous alternative prefix `xu2` for name `tileinteractionproxy`, expected `extrautils2`. This could be a intended override, but in most cases indicates a broken mod.
[21:38:22] [Client thread/INFO] [STDOUT]: [team.chisel.ctm.client.asm.CTMTransformer:preTransform:230]: Transforming Class [net.minecraftforge.client.model.ModelLoader$VanillaModelWrapper], Method [getTextures]
[21:38:22] [Client thread/INFO] [STDOUT]: [team.chisel.ctm.client.asm.CTMTransformer:finishTransform:242]: Transforming net.minecraftforge.client.model.ModelLoader$VanillaModelWrapper Finished.
[21:38:22] [Client thread/INFO] [extrautils2]: Extra Utilities 2 JEI Plugin - ACTIVATE!
[21:38:22] [Client thread/INFO] [hbm]: Advanced rendering fully supported
[21:38:22] [Client thread/ERROR] [hbm]: Shader effects manually disabled
[21:38:29] [NTM Version Checker/INFO] [hbm]: Searching for new versions...
[21:38:29] [Client thread/INFO] [HBM CoreMod]: Patching class net.minecraft.client.renderer.GlStateManager / net.minecraft.client.renderer.GlStateManager
[21:38:29] [NTM Version Checker/INFO] [hbm]: Found remote modVersion 2.6.0.0 (up to date)
[21:38:29] [NTM Version Checker/INFO] [hbm]: Version checker ended.
[21:38:29] [Client thread/INFO] [FML]: OBJLoader: Domain hbm has been added.
[21:38:30] [Client thread/INFO] [FML]: Applying holder lookups
[21:38:30] [Client thread/INFO] [FML]: Holder lookups applied
[21:38:30] [Client thread/INFO] [FML]: Applying holder lookups
[21:38:30] [Client thread/INFO] [FML]: Holder lookups applied
[21:38:30] [Client thread/INFO] [FML]: Applying holder lookups
[21:38:30] [Client thread/INFO] [FML]: Holder lookups applied
[21:38:30] [Client thread/INFO] [FML]: OBJLoader: Domain gca has been added.
[21:38:31] [Client thread/INFO] [FML]: Applying holder lookups
[21:38:31] [Client thread/INFO] [FML]: Holder lookups applied
[21:38:31] [Client thread/INFO] [FML]: Injecting itemstacks
[21:38:31] [Client thread/INFO] [FML]: Itemstack injection complete
[21:38:31] [Client thread/WARN] [net.minecraft.client.audio.SoundHandler]: File reelsedition:sounds/rusia.ogg does not exist, cannot add it to event gca:rusia
[21:38:31] [Client thread/WARN] [net.minecraft.client.audio.SoundHandler]: File reelsedition:sounds/hwaa.ogg does not exist, cannot add it to event gca:hwaa
[21:38:31] [Client thread/WARN] [net.minecraft.client.audio.SoundHandler]: File reelsedition:sounds/hwaa_high.ogg does not exist, cannot add it to event gca:hwaa_high
[21:38:31] [Client thread/WARN] [net.minecraft.client.audio.SoundHandler]: File reelsedition:sounds/hh.ogg does not exist, cannot add it to event gca:hh
[21:38:31] [Sound Library Loader/INFO] [Tickrate Changer]: Patching sound system...
[21:38:31] [Sound Library Loader/INFO] [net.minecraft.client.audio.SoundManager]: Starting up SoundSystem...
[21:38:31] [Client thread/INFO] [FML]: OBJLoader.Parser: command 's' (model: 'hbm:models/block/anvil_arsenic_bronze.obj') is not currently supported, skipping. Line: 51 's off'
[21:38:31] [Thread-4/INFO] [net.minecraft.client.audio.SoundManager]: Initializing LWJGL OpenAL
[21:38:31] [Thread-4/INFO] [net.minecraft.client.audio.SoundManager]: (The LWJGL binding of OpenAL.  For more information, see http://www.lwjgl.org)
[21:38:31] [Thread-4/INFO] [net.minecraft.client.audio.SoundManager]: OpenAL initialized.
[21:38:31] [Client thread/ERROR] [FML]: OBJModel.Parser: (Model: 'hbm:models/block/foundry_slagtap.obj', Line: 47) material 'm_a7ef23a5-b34d-59b3-5b0b-fbdc243f960a' referenced but was not found
[21:38:31] [Client thread/ERROR] [FML]: OBJModel.Parser: (Model: 'hbm:models/block/foundry_slagtap.obj', Line: 98) material 'm_a7ef23a5-b34d-59b3-5b0b-fbdc243f960a' referenced but was not found
[21:38:31] [Client thread/ERROR] [FML]: OBJModel.Parser: (Model: 'hbm:models/block/foundry_slagtap.obj', Line: 147) material 'm_a7ef23a5-b34d-59b3-5b0b-fbdc243f960a' referenced but was not found
[21:38:31] [Client thread/INFO] [FML]: OBJModel: A color has already been defined for material 'Material' in 'hbm:models/block/difurnace_extension.mtl'. The color defined by key 'Ks' will not be applied!
[21:38:31] [Client thread/INFO] [FML]: OBJLoader.MaterialLibrary: key 'Ns' (model: 'hbm:models/block/pribris.mtl') is not currently supported, skipping
[21:38:31] [Client thread/INFO] [FML]: OBJModel: A color has already been defined for material 'PribrisMTL' in 'hbm:models/block/pribris.mtl'. The color defined by key 'Ks' will not be applied!
[21:38:31] [Client thread/INFO] [FML]: OBJLoader.MaterialLibrary: key 'Ke' (model: 'hbm:models/block/pribris.mtl') is not currently supported, skipping
[21:38:31] [Client thread/INFO] [FML]: OBJLoader.MaterialLibrary: key 'Ni' (model: 'hbm:models/block/pribris.mtl') is not currently supported, skipping
[21:38:31] [Client thread/INFO] [FML]: OBJLoader.MaterialLibrary: key 'illum' (model: 'hbm:models/block/pribris.mtl') is not currently supported, skipping
[21:38:31] [Client thread/INFO] [FML]: OBJLoader.MaterialLibrary: key 'Ns' (model: 'hbm:models/block/pribris_burning.mtl') is not currently supported, skipping
[21:38:31] [Client thread/INFO] [FML]: OBJModel: A color has already been defined for material 'PribrisMTL' in 'hbm:models/block/pribris_burning.mtl'. The color defined by key 'Ks' will not be applied!
[21:38:31] [Client thread/INFO] [FML]: OBJLoader.MaterialLibrary: key 'Ke' (model: 'hbm:models/block/pribris_burning.mtl') is not currently supported, skipping
[21:38:31] [Client thread/INFO] [FML]: OBJLoader.MaterialLibrary: key 'Ni' (model: 'hbm:models/block/pribris_burning.mtl') is not currently supported, skipping
[21:38:31] [Client thread/INFO] [FML]: OBJLoader.MaterialLibrary: key 'illum' (model: 'hbm:models/block/pribris_burning.mtl') is not currently supported, skipping
[21:38:31] [Client thread/INFO] [FML]: OBJLoader.MaterialLibrary: key 'Ns' (model: 'hbm:models/block/pribris_digamma.mtl') is not currently supported, skipping
[21:38:31] [Client thread/INFO] [FML]: OBJModel: A color has already been defined for material 'PribrisMTL' in 'hbm:models/block/pribris_digamma.mtl'. The color defined by key 'Ks' will not be applied!
[21:38:31] [Client thread/INFO] [FML]: OBJLoader.MaterialLibrary: key 'Ke' (model: 'hbm:models/block/pribris_digamma.mtl') is not currently supported, skipping
[21:38:31] [Client thread/INFO] [FML]: OBJLoader.MaterialLibrary: key 'Ni' (model: 'hbm:models/block/pribris_digamma.mtl') is not currently supported, skipping
[21:38:31] [Client thread/INFO] [FML]: OBJLoader.MaterialLibrary: key 'illum' (model: 'hbm:models/block/pribris_digamma.mtl') is not currently supported, skipping
[21:38:31] [Client thread/INFO] [FML]: OBJLoader.MaterialLibrary: key 'Ns' (model: 'hbm:models/block/pribris_radiating.mtl') is not currently supported, skipping
[21:38:31] [Client thread/INFO] [FML]: OBJModel: A color has already been defined for material 'PribrisMTL' in 'hbm:models/block/pribris_radiating.mtl'. The color defined by key 'Ks' will not be applied!
[21:38:31] [Client thread/INFO] [FML]: OBJLoader.MaterialLibrary: key 'Ke' (model: 'hbm:models/block/pribris_radiating.mtl') is not currently supported, skipping
[21:38:31] [Client thread/INFO] [FML]: OBJLoader.MaterialLibrary: key 'Ni' (model: 'hbm:models/block/pribris_radiating.mtl') is not currently supported, skipping
[21:38:31] [Client thread/INFO] [FML]: OBJLoader.MaterialLibrary: key 'illum' (model: 'hbm:models/block/pribris_radiating.mtl') is not currently supported, skipping
[21:38:31] [Sound Library Loader/INFO] [net.minecraft.client.audio.SoundManager]: Sound engine started
[21:38:33] [Client thread/INFO] [FML]: Max texture size: 16384
[21:38:33] [Client thread/INFO] [hbm]: Loading texture hbm:textures/items/wire_dense.png
[21:38:33] [Client thread/WARN] [hbm]: No animation metadata found for hbm:items/wire_dense-copper
[21:38:33] [Client thread/INFO] [hbm]: Loading texture hbm:textures/items/scraps.png
[21:38:33] [Client thread/WARN] [hbm]: No animation metadata found for hbm:items/scraps-plutonium240
[21:38:33] [Client thread/INFO] [hbm]: Loading texture hbm:textures/items/scraps.png
[21:38:33] [Client thread/WARN] [hbm]: No animation metadata found for hbm:items/scraps-plutonium241
[21:38:33] [Client thread/INFO] [hbm]: Loading texture hbm:textures/items/scraps.png
[21:38:33] [Client thread/WARN] [hbm]: No animation metadata found for hbm:items/scraps-plutonium239
[21:38:33] [Client thread/INFO] [hbm]: Loading texture hbm:textures/items/scraps.png
[21:38:33] [Client thread/WARN] [hbm]: No animation metadata found for hbm:items/scraps-plutonium238
[21:38:33] [Client thread/WARN] [net.minecraft.client.renderer.texture.TextureMap]: Texture hbm:textures/items/drax_mk3.png with size 26x26 will have visual artifacts at mip level 4, it can only support level 1. Please report to the mod author that the texture should be some multiple of 16x16.
[21:38:33] [Client thread/WARN] [net.minecraft.client.renderer.texture.TextureMap]: Texture hbm:textures/items/drax_mk2.png with size 26x26 will have visual artifacts at mip level 4, it can only support level 1. Please report to the mod author that the texture should be some multiple of 16x16.
[21:38:33] [Client thread/INFO] [hbm]: Loading texture hbm:textures/items/part_mechanism.png
[21:38:33] [Client thread/WARN] [hbm]: No animation metadata found for hbm:items/part_mechanism-saturnite
[21:38:33] [Client thread/INFO] [hbm]: Loading texture hbm:textures/items/part_barrel_light.png
[21:38:33] [Client thread/WARN] [hbm]: No animation metadata found for hbm:items/part_barrel_light-durasteel
[21:38:33] [Client thread/INFO] [hbm]: Loading texture hbm:textures/items/bedrock_ore_base_light.png
[21:38:33] [Client thread/WARN] [hbm]: No animation metadata found for hbm:items/bedrock_ore_base_light-12
[21:38:33] [Client thread/INFO] [hbm]: Loading texture hbm:textures/items/scraps.png
[21:38:33] [Client thread/WARN] [hbm]: No animation metadata found for hbm:items/scraps-coalcoke
[21:38:33] [Client thread/INFO] [hbm]: Loading texture hbm:textures/items/part_receiver_heavy.png
[21:38:33] [Client thread/WARN] [hbm]: No animation metadata found for hbm:items/part_receiver_heavy-cdalloy
[21:38:33] [Client thread/INFO] [hbm]: Loading texture hbm:textures/items/scraps.png
[21:38:33] [Client thread/WARN] [hbm]: No animation metadata found for hbm:items/scraps-americiumrg
[21:38:33] [Client thread/INFO] [hbm]: Loading texture hbm:textures/items/bedrock_ore_fragment.png
[21:38:33] [Client thread/WARN] [hbm]: No animation metadata found for hbm:items/bedrock_ore_fragment-uranium238
[21:38:33] [Client thread/INFO] [hbm]: Loading texture hbm:textures/items/scraps.png
[21:38:33] [Client thread/WARN] [hbm]: No animation metadata found for hbm:items/scraps-plutonium
[21:38:33] [Client thread/INFO] [hbm]: Loading texture hbm:textures/items/wire_fine.png
[21:38:33] [Client thread/WARN] [hbm]: No animation metadata found for hbm:items/wire_fine-zirconium
[21:38:33] [Client thread/INFO] [hbm]: Loading texture hbm:textures/items/scraps.png
[21:38:33] [Client thread/WARN] [hbm]: No animation metadata found for hbm:items/scraps-redphosphorus
[21:38:33] [Client thread/INFO] [hbm]: Loading texture hbm:textures/items/bedrock_ore_fragment.png
[21:38:33] [Client thread/WARN] [hbm]: No animation metadata found for hbm:items/bedrock_ore_fragment-cobalt
[21:38:33] [Client thread/INFO] [hbm]: Loading texture hbm:textures/items/bedrock_ore_fragment.png
[21:38:33] [Client thread/WARN] [hbm]: No animation metadata found for hbm:items/bedrock_ore_fragment-diamond
[21:38:33] [Client thread/INFO] [hbm]: Loading texture hbm:textures/items/scraps.png
[21:38:33] [Client thread/WARN] [hbm]: No animation metadata found for hbm:items/scraps-diamond
[21:38:33] [Client thread/INFO] [hbm]: Loading texture hbm:textures/items/scraps.png
[21:38:33] [Client thread/WARN] [hbm]: No animation metadata found for hbm:items/scraps-meteoriciron
[21:38:33] [Client thread/INFO] [hbm]: Loading texture hbm:textures/items/bedrock_ore_crumbs_crystal.png
[21:38:33] [Client thread/WARN] [hbm]: No animation metadata found for hbm:items/bedrock_ore_crumbs_crystal-83
[21:38:33] [Client thread/INFO] [hbm]: Loading texture hbm:textures/items/bedrock_ore_base_heavy.png
[21:38:33] [Client thread/WARN] [hbm]: No animation metadata found for hbm:items/bedrock_ore_base_heavy-1
[21:38:33] [Client thread/INFO] [hbm]: Loading texture hbm:textures/items/bedrock_ore_base_heavy.png
[21:38:33] [Client thread/WARN] [hbm]: No animation metadata found for hbm:items/bedrock_ore_base_heavy-7
[21:38:33] [Client thread/WARN] [net.minecraft.client.renderer.texture.TextureMap]: Texture hbm:textures/items/drax.png with size 26x26 will have visual artifacts at mip level 4, it can only support level 1. Please report to the mod author that the texture should be some multiple of 16x16.
[21:38:33] [Client thread/INFO] [hbm]: Loading texture hbm:textures/items/part_mechanism.png
[21:38:33] [Client thread/WARN] [hbm]: No animation metadata found for hbm:items/part_mechanism-weaponsteel
[21:38:33] [Client thread/INFO] [hbm]: Loading texture hbm:textures/items/scraps.png
[21:38:33] [Client thread/WARN] [hbm]: No animation metadata found for hbm:items/scraps-sulfur
[21:38:33] [Client thread/INFO] [hbm]: Loading texture hbm:textures/items/scraps.png
[21:38:33] [Client thread/WARN] [hbm]: No animation metadata found for hbm:items/scraps-flux
[21:38:33] [Client thread/INFO] [hbm]: Loading texture hbm:textures/items/wire_dense.png
[21:38:33] [Client thread/WARN] [hbm]: No animation metadata found for hbm:items/wire_dense-mingrade
[21:38:33] [Client thread/INFO] [hbm]: Loading texture hbm:textures/items/scraps.png
[21:38:33] [Client thread/WARN] [hbm]: No animation metadata found for hbm:items/scraps-watzmud
[21:38:33] [Client thread/INFO] [hbm]: Loading texture hbm:textures/items/scraps.png
[21:38:33] [Client thread/WARN] [hbm]: No animation metadata found for hbm:items/scraps-actinium227
[21:38:33] [Client thread/INFO] [hbm]: Loading texture hbm:textures/items/pipe.png
[21:38:33] [Client thread/WARN] [hbm]: No animation metadata found for hbm:items/pipe-iron
[21:38:33] [Client thread/INFO] [hbm]: Loading texture hbm:textures/items/part_grip.png
[21:38:33] [Client thread/WARN] [hbm]: No animation metadata found for hbm:items/part_grip-bakelite
[21:38:33] [Client thread/INFO] [hbm]: Loading texture hbm:textures/items/bedrock_ore_fragment.png
[21:38:33] [Client thread/WARN] [hbm]: No animation metadata found for hbm:items/bedrock_ore_fragment-radium226
[21:38:33] [Client thread/INFO] [hbm]: Loading texture hbm:textures/items/bedrock_ore_fragment.png
[21:38:33] [Client thread/WARN] [hbm]: No animation metadata found for hbm:items/bedrock_ore_fragment-lanthanum
[21:38:33] [Client thread/INFO] [hbm]: Loading texture hbm:textures/items/shell.png
[21:38:33] [Client thread/WARN] [hbm]: No animation metadata found for hbm:items/shell-saturnite
[21:38:33] [Client thread/INFO] [hbm]: Loading texture hbm:textures/items/plate_cast.png
[21:38:33] [Client thread/WARN] [hbm]: No animation metadata found for hbm:items/plate_cast-arsenicbronze
[21:38:33] [Client thread/INFO] [hbm]: Loading texture hbm:textures/items/scraps.png
[21:38:33] [Client thread/WARN] [hbm]: No animation metadata found for hbm:items/scraps-neptunium237
[21:38:33] [Client thread/INFO] [hbm]: Loading texture hbm:textures/items/bedrock_ore_rad_nonmetal.png
[21:38:33] [Client thread/WARN] [hbm]: No animation metadata found for hbm:items/bedrock_ore_rad_nonmetal-154
[21:38:33] [Client thread/INFO] [hbm]: Loading texture hbm:textures/items/scraps.png
[21:38:33] [Client thread/WARN] [hbm]: No animation metadata found for hbm:items/scraps-cryolite
[21:38:33] [Client thread/INFO] [hbm]: Loading texture hbm:textures/items/part_barrel_light.png
[21:38:33] [Client thread/WARN] [hbm]: No animation metadata found for hbm:items/part_barrel_light-saturnite
[21:38:33] [Client thread/INFO] [hbm]: Loading texture hbm:textures/items/bedrock_ore_rad_nonmetal.png
[21:38:33] [Client thread/WARN] [hbm]: No animation metadata found for hbm:items/bedrock_ore_rad_nonmetal-136
[21:38:33] [Client thread/INFO] [hbm]: Loading texture hbm:textures/items/scraps.png
[21:38:33] [Client thread/WARN] [hbm]: No animation metadata found for hbm:items/scraps-magnetizedtungsten
[21:38:33] [Client thread/INFO] [hbm]: Loading texture hbm:textures/items/bedrock_ore_rad_nonmetal.png
[21:38:33] [Client thread/WARN] [hbm]: No animation metadata found for hbm:items/bedrock_ore_rad_nonmetal-148
[21:38:33] [Client thread/INFO] [hbm]: Loading texture hbm:textures/items/wire_fine.png
[21:38:33] [Client thread/WARN] [hbm]: No animation metadata found for hbm:items/wire_fine-steel
[21:38:33] [Client thread/INFO] [hbm]: Loading texture hbm:textures/items/bedrock_ore_rad_nonmetal.png
[21:38:33] [Client thread/WARN] [hbm]: No animation metadata found for hbm:items/bedrock_ore_rad_nonmetal-142
[21:38:33] [Client thread/INFO] [hbm]: Loading texture hbm:textures/items/part_barrel_light.png
[21:38:33] [Client thread/WARN] [hbm]: No animation metadata found for hbm:items/part_barrel_light-arsenicbronze
[21:38:33] [Client thread/INFO] [hbm]: Loading texture hbm:textures/items/bedrock_ore_fragment.png
[21:38:33] [Client thread/WARN] [hbm]: No animation metadata found for hbm:items/bedrock_ore_fragment-lignite
[21:38:34] [Client thread/INFO] [hbm]: Loading texture hbm:textures/items/bedrock_ore_fragment.png
[21:38:34] [Client thread/WARN] [hbm]: No animation metadata found for hbm:items/bedrock_ore_fragment-strontium
[21:38:34] [Client thread/INFO] [hbm]: Loading texture hbm:textures/items/scraps.png
[21:38:34] [Client thread/WARN] [hbm]: No animation metadata found for hbm:items/scraps-obsidian
[21:38:34] [Client thread/WARN] [net.minecraft.client.renderer.texture.TextureMap]: Texture hbm:textures/items/cloud8.png with size 8x8 will have visual artifacts at mip level 4, it can only support level 3. Please report to the mod author that the texture should be some multiple of 16x16.
[21:38:34] [Client thread/WARN] [net.minecraft.client.renderer.texture.TextureMap]: Texture hbm:textures/items/cloud7.png with size 8x8 will have visual artifacts at mip level 4, it can only support level 3. Please report to the mod author that the texture should be some multiple of 16x16.
[21:38:34] [Client thread/WARN] [net.minecraft.client.renderer.texture.TextureMap]: Texture hbm:textures/items/cloud2.png with size 8x8 will have visual artifacts at mip level 4, it can only support level 3. Please report to the mod author that the texture should be some multiple of 16x16.
[21:38:34] [Client thread/INFO] [hbm]: Loading texture hbm:textures/items/bedrock_ore_fragment.png
[21:38:34] [Client thread/WARN] [hbm]: No animation metadata found for hbm:items/bedrock_ore_fragment-redphosphorus
[21:38:34] [Client thread/WARN] [net.minecraft.client.renderer.texture.TextureMap]: Texture hbm:textures/items/cloud1.png with size 8x8 will have visual artifacts at mip level 4, it can only support level 3. Please report to the mod author that the texture should be some multiple of 16x16.
[21:38:34] [Client thread/INFO] [hbm]: Loading texture hbm:textures/items/bedrock_ore_fragment.png
[21:38:34] [Client thread/WARN] [hbm]: No animation metadata found for hbm:items/bedrock_ore_fragment-chlorocalcite
[21:38:34] [Client thread/WARN] [net.minecraft.client.renderer.texture.TextureMap]: Texture hbm:textures/items/cloud6.png with size 8x8 will have visual artifacts at mip level 4, it can only support level 3. Please report to the mod author that the texture should be some multiple of 16x16.
[21:38:34] [Client thread/WARN] [net.minecraft.client.renderer.texture.TextureMap]: Texture hbm:textures/items/cloud5.png with size 8x8 will have visual artifacts at mip level 4, it can only support level 3. Please report to the mod author that the texture should be some multiple of 16x16.
[21:38:34] [Client thread/INFO] [hbm]: Loading texture hbm:textures/items/scraps.png
[21:38:34] [Client thread/WARN] [hbm]: No animation metadata found for hbm:items/scraps-arsenicbronze
[21:38:34] [Client thread/WARN] [net.minecraft.client.renderer.texture.TextureMap]: Texture hbm:textures/items/cloud4.png with size 8x8 will have visual artifacts at mip level 4, it can only support level 3. Please report to the mod author that the texture should be some multiple of 16x16.
[21:38:34] [Client thread/WARN] [net.minecraft.client.renderer.texture.TextureMap]: Texture hbm:textures/items/cloud3.png with size 8x8 will have visual artifacts at mip level 4, it can only support level 3. Please report to the mod author that the texture should be some multiple of 16x16.
[21:38:34] [Client thread/INFO] [hbm]: Loading texture hbm:textures/items/scraps.png
[21:38:34] [Client thread/WARN] [hbm]: No animation metadata found for hbm:items/scraps-silicon
[21:38:34] [Client thread/INFO] [hbm]: Loading texture hbm:textures/items/bedrock_ore_fragment.png
[21:38:34] [Client thread/WARN] [hbm]: No animation metadata found for hbm:items/bedrock_ore_fragment-lead
[21:38:34] [Client thread/INFO] [hbm]: Loading texture hbm:textures/items/part_stock.png
[21:38:34] [Client thread/WARN] [hbm]: No animation metadata found for hbm:items/part_stock-polymer
[21:38:34] [Client thread/INFO] [hbm]: Loading texture hbm:textures/items/plate_cast.png
[21:38:34] [Client thread/WARN] [hbm]: No animation metadata found for hbm:items/plate_cast-workersalloy
[21:38:34] [Client thread/INFO] [hbm]: Loading texture hbm:textures/items/scraps.png
[21:38:34] [Client thread/WARN] [hbm]: No animation metadata found for hbm:items/scraps-technetium99
[21:38:34] [Client thread/INFO] [hbm]: Loading texture hbm:textures/items/scraps.png
[21:38:34] [Client thread/WARN] [hbm]: No animation metadata found for hbm:items/scraps-aluminum
[21:38:34] [Client thread/INFO] [hbm]: Loading texture hbm:textures/items/bedrock_ore_fragment.png
[21:38:34] [Client thread/WARN] [hbm]: No animation metadata found for hbm:items/bedrock_ore_fragment-bauxite
[21:38:34] [Client thread/INFO] [hbm]: Loading texture hbm:textures/items/part_grip.png
[21:38:34] [Client thread/WARN] [hbm]: No animation metadata found for hbm:items/part_grip-polymer
[21:38:34] [Client thread/INFO] [hbm]: Loading texture hbm:textures/items/scraps.png
[21:38:34] [Client thread/WARN] [hbm]: No animation metadata found for hbm:items/scraps-asbestos
[21:38:34] [Client thread/INFO] [hbm]: Loading texture hbm:textures/items/plate_cast.png
[21:38:34] [Client thread/WARN] [hbm]: No animation metadata found for hbm:items/plate_cast-cdalloy
[21:38:34] [Client thread/INFO] [hbm]: Loading texture hbm:textures/items/scraps.png
[21:38:34] [Client thread/WARN] [hbm]: No animation metadata found for hbm:items/scraps-gold
[21:38:34] [Client thread/INFO] [hbm]: Loading texture hbm:textures/items/plate_cast.png
[21:38:34] [Client thread/WARN] [hbm]: No animation metadata found for hbm:items/plate_cast-titanium
[21:38:34] [Client thread/INFO] [hbm]: Loading texture hbm:textures/items/scraps.png
[21:38:34] [Client thread/WARN] [hbm]: No animation metadata found for hbm:items/scraps-plutoniumrg
[21:38:34] [Client thread/INFO] [hbm]: Loading texture hbm:textures/items/scraps.png
[21:38:34] [Client thread/WARN] [hbm]: No animation metadata found for hbm:items/scraps-cobalt
[21:38:34] [Client thread/INFO] [hbm]: Loading texture hbm:textures/items/part_barrel_light.png
[21:38:34] [Client thread/WARN] [hbm]: No animation metadata found for hbm:items/part_barrel_light-steel
[21:38:34] [Client thread/INFO] [hbm]: Loading texture hbm:textures/items/bedrock_ore_sulfuric_rare.png
[21:38:34] [Client thread/WARN] [hbm]: No animation metadata found for hbm:items/bedrock_ore_sulfuric_rare-92
[21:38:34] [Client thread/INFO] [hbm]: Loading texture hbm:textures/items/bedrock_ore_sulfuric_rare.png
[21:38:34] [Client thread/WARN] [hbm]: No animation metadata found for hbm:items/bedrock_ore_sulfuric_rare-98
[21:38:34] [Client thread/INFO] [hbm]: Loading texture hbm:textures/items/scraps.png
[21:38:34] [Client thread/WARN] [hbm]: No animation metadata found for hbm:items/scraps-lead
[21:38:34] [Client thread/INFO] [hbm]: Loading texture hbm:textures/items/bedrock_ore_fragment.png
[21:38:34] [Client thread/WARN] [hbm]: No animation metadata found for hbm:items/bedrock_ore_fragment-cryolite
[21:38:34] [Client thread/INFO] [hbm]: Loading texture hbm:textures/items/scraps.png
[21:38:34] [Client thread/WARN] [hbm]: No animation metadata found for hbm:items/scraps-carbon
[21:38:34] [Client thread/INFO] [hbm]: Loading texture hbm:textures/items/wire_dense.png
[21:38:34] [Client thread/WARN] [hbm]: No animation metadata found for hbm:items/wire_dense-neodymium
[21:38:34] [Client thread/INFO] [hbm]: Loading texture hbm:textures/items/plate_welded.png
[21:38:34] [Client thread/WARN] [hbm]: No animation metadata found for hbm:items/plate_welded-tungsten
[21:38:34] [Client thread/INFO] [hbm]: Loading texture hbm:textures/items/bedrock_ore_sulfuric_rare.png
[21:38:34] [Client thread/WARN] [hbm]: No animation metadata found for hbm:items/bedrock_ore_sulfuric_rare-86
[21:38:34] [Client thread/INFO] [hbm]: Loading texture hbm:textures/items/scraps.png
[21:38:34] [Client thread/WARN] [hbm]: No animation metadata found for hbm:items/scraps-bscco
[21:38:34] [Client thread/INFO] [hbm]: Loading texture hbm:textures/items/plate_welded.png
[21:38:34] [Client thread/WARN] [hbm]: No animation metadata found for hbm:items/plate_welded-cdalloy
[21:38:34] [Client thread/INFO] [hbm]: Loading texture hbm:textures/items/bedrock_ore_solvent_light.png
[21:38:34] [Client thread/WARN] [hbm]: No animation metadata found for hbm:items/bedrock_ore_solvent_light-108
[21:38:34] [Client thread/INFO] [hbm]: Loading texture hbm:textures/items/bedrock_ore_solvent_light.png
[21:38:34] [Client thread/WARN] [hbm]: No animation metadata found for hbm:items/bedrock_ore_solvent_light-126
[21:38:34] [Client thread/INFO] [hbm]: Loading texture hbm:textures/items/bedrock_ore_solvent_light.png
[21:38:34] [Client thread/WARN] [hbm]: No animation metadata found for hbm:items/bedrock_ore_solvent_light-120
[21:38:34] [Client thread/INFO] [hbm]: Loading texture hbm:textures/items/bedrock_ore_sulfuric_nonmetal.png
[21:38:34] [Client thread/WARN] [hbm]: No animation metadata found for hbm:items/bedrock_ore_sulfuric_nonmetal-88
[21:38:34] [Client thread/INFO] [hbm]: Loading texture hbm:textures/items/bedrock_ore_solvent_light.png
[21:38:34] [Client thread/WARN] [hbm]: No animation metadata found for hbm:items/bedrock_ore_solvent_light-114
[21:38:34] [Client thread/INFO] [hbm]: Loading texture hbm:textures/items/bedrock_ore_sulfuric_rare.png
[21:38:34] [Client thread/WARN] [hbm]: No animation metadata found for hbm:items/bedrock_ore_sulfuric_rare-104
[21:38:34] [Client thread/INFO] [hbm]: Loading texture hbm:textures/items/scraps.png
[21:38:34] [Client thread/WARN] [hbm]: No animation metadata found for hbm:items/scraps-tcalloy
[21:38:34] [Client thread/WARN] [net.minecraft.client.renderer.texture.TextureMap]: Texture hbm:textures/blocks/deco_tape_recorder_flipped.png with size 56x56 will have visual artifacts at mip level 4, it can only support level 3. Please report to the mod author that the texture should be some multiple of 16x16.
[21:38:34] [Client thread/INFO] [hbm]: Loading texture hbm:textures/items/wire_dense.png
[21:38:34] [Client thread/WARN] [hbm]: No animation metadata found for hbm:items/wire_dense-starmetal
[21:38:34] [Client thread/INFO] [hbm]: Loading texture hbm:textures/items/scraps.png
[21:38:34] [Client thread/WARN] [hbm]: No animation metadata found for hbm:items/scraps-cmbsteel
[21:38:34] [Client thread/INFO] [hbm]: Loading texture hbm:textures/items/part_barrel_light.png
[21:38:34] [Client thread/WARN] [hbm]: No animation metadata found for hbm:items/part_barrel_light-tcalloy
[21:38:34] [Client thread/INFO] [hbm]: Loading texture hbm:textures/items/part_receiver_light.png
[21:38:34] [Client thread/WARN] [hbm]: No animation metadata found for hbm:items/part_receiver_light-weaponsteel
[21:38:34] [Client thread/INFO] [hbm]: Loading texture hbm:textures/items/scraps.png
[21:38:34] [Client thread/WARN] [hbm]: No animation metadata found for hbm:items/scraps-sodium
[21:38:34] [Client thread/INFO] [hbm]: Loading texture hbm:textures/items/bedrock_ore_rad_heavy.png
[21:38:34] [Client thread/WARN] [hbm]: No animation metadata found for hbm:items/bedrock_ore_rad_heavy-139
[21:38:34] [Client thread/INFO] [hbm]: Loading texture hbm:textures/items/bedrock_ore_rad_heavy.png
[21:38:34] [Client thread/WARN] [hbm]: No animation metadata found for hbm:items/bedrock_ore_rad_heavy-133
[21:38:34] [Client thread/INFO] [hbm]: Loading texture hbm:textures/items/part_stock.png
[21:38:34] [Client thread/WARN] [hbm]: No animation metadata found for hbm:items/part_stock-pvc
[21:38:34] [Client thread/INFO] [hbm]: Loading texture hbm:textures/items/part_grip.png
[21:38:34] [Client thread/WARN] [hbm]: No animation metadata found for hbm:items/part_grip-pvc
[21:38:34] [Client thread/INFO] [hbm]: Loading texture hbm:textures/items/plate_cast.png
[21:38:34] [Client thread/WARN] [hbm]: No animation metadata found for hbm:items/plate_cast-tungsten
[21:38:34] [Client thread/INFO] [hbm]: Loading texture hbm:textures/items/bedrock_ore_rad_heavy.png
[21:38:34] [Client thread/WARN] [hbm]: No animation metadata found for hbm:items/bedrock_ore_rad_heavy-145
[21:38:34] [Client thread/INFO] [hbm]: Loading texture hbm:textures/items/bedrock_ore_rad_heavy.png
[21:38:34] [Client thread/WARN] [hbm]: No animation metadata found for hbm:items/bedrock_ore_rad_heavy-151
[21:38:34] [Client thread/INFO] [hbm]: Loading texture hbm:textures/items/bolt.png
[21:38:34] [Client thread/WARN] [hbm]: No animation metadata found for hbm:items/bolt-durasteel
[21:38:34] [Client thread/INFO] [hbm]: Loading texture hbm:textures/items/pipe.png
[21:38:34] [Client thread/WARN] [hbm]: No animation metadata found for hbm:items/pipe-steel
[21:38:34] [Client thread/WARN] [net.minecraft.client.renderer.texture.TextureMap]: Texture hbm:textures/particle/particle_base.png with size 8x8 will have visual artifacts at mip level 4, it can only support level 3. Please report to the mod author that the texture should be some multiple of 16x16.
[21:38:34] [Client thread/INFO] [hbm]: Loading texture hbm:textures/items/bedrock_ore_fragment.png
[21:38:34] [Client thread/WARN] [hbm]: No animation metadata found for hbm:items/bedrock_ore_fragment-boron
[21:38:34] [Client thread/INFO] [hbm]: Loading texture hbm:textures/items/part_stock.png
[21:38:34] [Client thread/WARN] [hbm]: No animation metadata found for hbm:items/part_stock-bakelite
[21:38:34] [Client thread/INFO] [hbm]: Loading texture hbm:textures/items/part_grip.png
[21:38:34] [Client thread/WARN] [hbm]: No animation metadata found for hbm:items/part_grip-wood
[21:38:34] [Client thread/INFO] [hbm]: Loading texture hbm:textures/items/bedrock_ore_fragment.png
[21:38:34] [Client thread/WARN] [hbm]: No animation metadata found for hbm:items/bedrock_ore_fragment-aluminum
[21:38:34] [Client thread/INFO] [hbm]: Loading texture hbm:textures/items/part_barrel_heavy.png
[21:38:34] [Client thread/WARN] [hbm]: No animation metadata found for hbm:items/part_barrel_heavy-gunmetal
[21:38:34] [Client thread/INFO] [hbm]: Loading texture hbm:textures/items/part_barrel_heavy.png
[21:38:34] [Client thread/WARN] [hbm]: No animation metadata found for hbm:items/part_barrel_heavy-cdalloy
[21:38:34] [Client thread/INFO] [hbm]: Loading texture hbm:textures/items/bedrock_ore_sulfuric_actinide.png
[21:38:34] [Client thread/WARN] [hbm]: No animation metadata found for hbm:items/bedrock_ore_sulfuric_actinide-105
[21:38:34] [Client thread/INFO] [hbm]: Loading texture hbm:textures/items/bedrock_ore_base_heavy.png
[21:38:34] [Client thread/WARN] [hbm]: No animation metadata found for hbm:items/bedrock_ore_base_heavy-13
[21:38:34] [Client thread/INFO] [hbm]: Loading texture hbm:textures/items/part_barrel_light.png
[21:38:34] [Client thread/WARN] [hbm]: No animation metadata found for hbm:items/part_barrel_light-cdalloy
[21:38:34] [Client thread/INFO] [hbm]: Loading texture hbm:textures/items/bedrock_ore_solvent_actinide.png
[21:38:34] [Client thread/WARN] [hbm]: No animation metadata found for hbm:items/bedrock_ore_solvent_actinide-123
[21:38:34] [Client thread/INFO] [hbm]: Loading texture hbm:textures/items/part_barrel_heavy.png
[21:38:34] [Client thread/WARN] [hbm]: No animation metadata found for hbm:items/part_barrel_heavy-steel
[21:38:34] [Client thread/INFO] [hbm]: Loading texture hbm:textures/items/scraps.png
[21:38:34] [Client thread/WARN] [hbm]: No animation metadata found for hbm:items/scraps-fluorite
[21:38:34] [Client thread/INFO] [hbm]: Loading texture hbm:textures/items/bedrock_ore_solvent_actinide.png
[21:38:34] [Client thread/WARN] [hbm]: No animation metadata found for hbm:items/bedrock_ore_solvent_actinide-117
[21:38:34] [Client thread/INFO] [hbm]: Loading texture hbm:textures/items/bedrock_ore_solvent_actinide.png
[21:38:34] [Client thread/WARN] [hbm]: No animation metadata found for hbm:items/bedrock_ore_solvent_actinide-111
[21:38:34] [Client thread/INFO] [hbm]: Loading texture hbm:textures/items/plate_cast.png
[21:38:34] [Client thread/WARN] [hbm]: No animation metadata found for hbm:items/plate_cast-ferrouranium
[21:38:34] [Client thread/INFO] [hbm]: Loading texture hbm:textures/items/scraps.png
[21:38:34] [Client thread/WARN] [hbm]: No animation metadata found for hbm:items/scraps-copper
[21:38:34] [Client thread/INFO] [hbm]: Loading texture hbm:textures/items/plate_cast.png
[21:38:34] [Client thread/WARN] [hbm]: No animation metadata found for hbm:items/plate_cast-tcalloy
[21:38:34] [Client thread/INFO] [hbm]: Loading texture hbm:textures/blocks/sellafield_slaked.png
[21:38:34] [Client thread/WARN] [hbm]: No animation metadata found for hbm:blocks/sellafield_slaked-4
[21:38:34] [Client thread/INFO] [hbm]: Loading texture hbm:textures/blocks/sellafield_slaked.png
[21:38:34] [Client thread/WARN] [hbm]: No animation metadata found for hbm:blocks/sellafield_slaked-3
[21:38:34] [Client thread/INFO] [hbm]: Loading texture hbm:textures/blocks/sellafield_slaked.png
[21:38:34] [Client thread/WARN] [hbm]: No animation metadata found for hbm:blocks/sellafield_slaked-2
[21:38:34] [Client thread/INFO] [hbm]: Loading texture hbm:textures/blocks/sellafield_slaked.png
[21:38:34] [Client thread/WARN] [hbm]: No animation metadata found for hbm:blocks/sellafield_slaked-1
[21:38:34] [Client thread/INFO] [hbm]: Loading texture hbm:textures/blocks/sellafield_slaked.png
[21:38:34] [Client thread/WARN] [hbm]: No animation metadata found for hbm:blocks/sellafield_slaked-5
[21:38:34] [Client thread/INFO] [hbm]: Loading texture hbm:textures/items/bedrock_ore_solvent_actinide.png
[21:38:34] [Client thread/WARN] [hbm]: No animation metadata found for hbm:items/bedrock_ore_solvent_actinide-129
[21:38:34] [Client thread/INFO] [hbm]: Loading texture hbm:textures/blocks/sellafield_slaked.png
[21:38:34] [Client thread/WARN] [hbm]: No animation metadata found for hbm:blocks/sellafield_slaked-0
[21:38:34] [Client thread/INFO] [hbm]: Loading texture hbm:textures/items/scraps.png
[21:38:34] [Client thread/WARN] [hbm]: No animation metadata found for hbm:items/scraps-radium226
[21:38:34] [Client thread/INFO] [hbm]: Loading texture hbm:textures/items/scraps.png
[21:38:34] [Client thread/WARN] [hbm]: No animation metadata found for hbm:items/scraps-gold198
[21:38:34] [Client thread/WARN] [net.minecraft.client.renderer.texture.TextureMap]: Texture hbm:textures/particle/debug_fluid.png with size 8x8 will have visual artifacts at mip level 4, it can only support level 3. Please report to the mod author that the texture should be some multiple of 16x16.
[21:38:34] [Client thread/INFO] [hbm]: Loading texture hbm:textures/items/part_barrel_heavy.png
[21:38:34] [Client thread/WARN] [hbm]: No animation metadata found for hbm:items/part_barrel_heavy-weaponsteel
[21:38:34] [Client thread/INFO] [hbm]: Loading texture hbm:textures/items/scraps.png
[21:38:34] [Client thread/WARN] [hbm]: No animation metadata found for hbm:items/scraps-workersalloy
[21:38:34] [Client thread/INFO] [hbm]: Loading texture hbm:textures/items/part_barrel_light.png
[21:38:34] [Client thread/WARN] [hbm]: No animation metadata found for hbm:items/part_barrel_light-gunmetal
[21:38:34] [Client thread/INFO] [hbm]: Loading texture hbm:textures/items/part_barrel_heavy.png
[21:38:34] [Client thread/WARN] [hbm]: No animation metadata found for hbm:items/part_barrel_heavy-ferrouranium
[21:38:34] [Client thread/INFO] [hbm]: Loading texture hbm:textures/items/scraps.png
[21:38:34] [Client thread/WARN] [hbm]: No animation metadata found for hbm:items/scraps-tungsten
[21:38:34] [Client thread/INFO] [hbm]: Loading texture hbm:textures/items/bedrock_ore_fragment.png
[21:38:34] [Client thread/WARN] [hbm]: No animation metadata found for hbm:items/bedrock_ore_fragment-asbestos
[21:38:34] [Client thread/INFO] [hbm]: Loading texture hbm:textures/items/scraps.png
[21:38:34] [Client thread/WARN] [hbm]: No animation metadata found for hbm:items/scraps-cobalt60
[21:38:34] [Client thread/INFO] [hbm]: Loading texture hbm:textures/items/part_stock.png
[21:38:34] [Client thread/WARN] [hbm]: No animation metadata found for hbm:items/part_stock-weaponsteel
[21:38:34] [Client thread/INFO] [hbm]: Loading texture hbm:textures/items/scraps.png
[21:38:34] [Client thread/WARN] [hbm]: No animation metadata found for hbm:items/scraps-schrabidium
[21:38:34] [Client thread/INFO] [hbm]: Loading texture hbm:textures/items/bedrock_ore_primary_light.png
[21:38:34] [Client thread/WARN] [hbm]: No animation metadata found for hbm:items/bedrock_ore_primary_light-42
[21:38:34] [Client thread/INFO] [hbm]: Loading texture hbm:textures/items/bedrock_ore_primary_light.png
[21:38:34] [Client thread/WARN] [hbm]: No animation metadata found for hbm:items/bedrock_ore_primary_light-36
[21:38:34] [Client thread/INFO] [hbm]: Loading texture hbm:textures/items/bedrock_ore_primary_crystal.png
[21:38:34] [Client thread/WARN] [hbm]: No animation metadata found for hbm:items/bedrock_ore_primary_crystal-77
[21:38:34] [Client thread/INFO] [hbm]: Loading texture hbm:textures/items/bedrock_ore_fragment.png
[21:38:34] [Client thread/WARN] [hbm]: No animation metadata found for hbm:items/bedrock_ore_fragment-polonium210
[21:38:34] [Client thread/INFO] [hbm]: Loading texture hbm:textures/items/bedrock_ore_solvent_nonmetal.png
[21:38:34] [Client thread/WARN] [hbm]: No animation metadata found for hbm:items/bedrock_ore_solvent_nonmetal-124
[21:38:34] [Client thread/INFO] [hbm]: Loading texture hbm:textures/items/shell.png
[21:38:34] [Client thread/WARN] [hbm]: No animation metadata found for hbm:items/shell-titanium
[21:38:34] [Client thread/INFO] [hbm]: Loading texture hbm:textures/blocks/sellafield_slaked_3.png
[21:38:34] [Client thread/WARN] [hbm]: No animation metadata found for hbm:blocks/sellafield_slaked_3-0
[21:38:34] [Client thread/INFO] [hbm]: Loading texture hbm:textures/items/bedrock_ore_primary_light.png
[21:38:34] [Client thread/WARN] [hbm]: No animation metadata found for hbm:items/bedrock_ore_primary_light-30
[21:38:34] [Client thread/INFO] [hbm]: Loading texture hbm:textures/blocks/sellafield_slaked_3.png
[21:38:34] [Client thread/WARN] [hbm]: No animation metadata found for hbm:blocks/sellafield_slaked_3-3
[21:38:34] [Client thread/INFO] [hbm]: Loading texture hbm:textures/blocks/sellafield_slaked_3.png
[21:38:34] [Client thread/WARN] [hbm]: No animation metadata found for hbm:blocks/sellafield_slaked_3-4
[21:38:34] [Client thread/INFO] [hbm]: Loading texture hbm:textures/blocks/sellafield_slaked_3.png
[21:38:34] [Client thread/WARN] [hbm]: No animation metadata found for hbm:blocks/sellafield_slaked_3-1
[21:38:34] [Client thread/INFO] [hbm]: Loading texture hbm:textures/blocks/sellafield_slaked_3.png
[21:38:34] [Client thread/WARN] [hbm]: No animation metadata found for hbm:blocks/sellafield_slaked_3-2
[21:38:34] [Client thread/INFO] [hbm]: Loading texture hbm:textures/items/bedrock_ore_solvent_nonmetal.png
[21:38:34] [Client thread/WARN] [hbm]: No animation metadata found for hbm:items/bedrock_ore_solvent_nonmetal-130
[21:38:34] [Client thread/INFO] [hbm]: Loading texture hbm:textures/blocks/sellafield_slaked_3.png
[21:38:34] [Client thread/WARN] [hbm]: No animation metadata found for hbm:blocks/sellafield_slaked_3-5
[21:38:34] [Client thread/INFO] [hbm]: Loading texture hbm:textures/items/bedrock_ore_primary_light.png
[21:38:34] [Client thread/WARN] [hbm]: No animation metadata found for hbm:items/bedrock_ore_primary_light-24
[21:38:34] [Client thread/INFO] [hbm]: Loading texture hbm:textures/items/ingot_raw.png
[21:38:34] [Client thread/WARN] [hbm]: No animation metadata found for hbm:items/ingot_raw-sodium
[21:38:34] [Client thread/INFO] [hbm]: Loading texture hbm:textures/items/bedrock_ore_primary_crystal.png
[21:38:34] [Client thread/WARN] [hbm]: No animation metadata found for hbm:items/bedrock_ore_primary_crystal-65
[21:38:34] [Client thread/INFO] [hbm]: Loading texture hbm:textures/items/bedrock_ore_primary_light.png
[21:38:34] [Client thread/WARN] [hbm]: No animation metadata found for hbm:items/bedrock_ore_primary_light-60
[21:38:34] [Client thread/INFO] [hbm]: Loading texture hbm:textures/items/bedrock_ore_primary_crystal.png
[21:38:34] [Client thread/WARN] [hbm]: No animation metadata found for hbm:items/bedrock_ore_primary_crystal-59
[21:38:34] [Client thread/INFO] [hbm]: Loading texture hbm:textures/items/bedrock_ore_primary_light.png
[21:38:34] [Client thread/WARN] [hbm]: No animation metadata found for hbm:items/bedrock_ore_primary_light-54
[21:38:34] [Client thread/INFO] [hbm]: Loading texture hbm:textures/items/bedrock_ore_primary_crystal.png
[21:38:34] [Client thread/WARN] [hbm]: No animation metadata found for hbm:items/bedrock_ore_primary_crystal-71
[21:38:34] [Client thread/INFO] [hbm]: Loading texture hbm:textures/items/bedrock_ore_primary_light.png
[21:38:34] [Client thread/WARN] [hbm]: No animation metadata found for hbm:items/bedrock_ore_primary_light-48
[21:38:34] [Client thread/INFO] [hbm]: Loading texture hbm:textures/items/bedrock_ore_primary_light.png
[21:38:34] [Client thread/WARN] [hbm]: No animation metadata found for hbm:items/bedrock_ore_primary_light-72
[21:38:34] [Client thread/INFO] [hbm]: Loading texture hbm:textures/items/scraps.png
[21:38:34] [Client thread/WARN] [hbm]: No animation metadata found for hbm:items/scraps-malachite
[21:38:34] [Client thread/INFO] [hbm]: Loading texture hbm:textures/items/part_barrel_light.png
[21:38:34] [Client thread/WARN] [hbm]: No animation metadata found for hbm:items/part_barrel_light-bismuthbronze
[21:38:34] [Client thread/INFO] [hbm]: Loading texture hbm:textures/items/bedrock_ore_primary_light.png
[21:38:34] [Client thread/WARN] [hbm]: No animation metadata found for hbm:items/bedrock_ore_primary_light-66
[21:38:34] [Client thread/INFO] [hbm]: Loading texture hbm:textures/items/scraps.png
[21:38:34] [Client thread/WARN] [hbm]: No animation metadata found for hbm:items/scraps-rubber
[21:38:34] [Client thread/INFO] [hbm]: Loading texture hbm:textures/items/bedrock_ore_fragment.png
[21:38:34] [Client thread/WARN] [hbm]: No animation metadata found for hbm:items/bedrock_ore_fragment-uranium
[21:38:34] [Client thread/INFO] [hbm]: Loading texture hbm:textures/items/ingot_raw.png
[21:38:34] [Client thread/WARN] [hbm]: No animation metadata found for hbm:items/ingot_raw-strontium
[21:38:34] [Client thread/INFO] [hbm]: Loading texture hbm:textures/items/bedrock_ore_base_rare.png
[21:38:34] [Client thread/WARN] [hbm]: No animation metadata found for hbm:items/bedrock_ore_base_rare-8
[21:38:34] [Client thread/INFO] [hbm]: Loading texture hbm:textures/items/bedrock_ore_base_rare.png
[21:38:34] [Client thread/WARN] [hbm]: No animation metadata found for hbm:items/bedrock_ore_base_rare-2
[21:38:34] [Client thread/INFO] [hbm]: Loading texture hbm:textures/items/bedrock_ore_sulfuric_light.png
[21:38:34] [Client thread/WARN] [hbm]: No animation metadata found for hbm:items/bedrock_ore_sulfuric_light-90
[21:38:34] [Client thread/INFO] [hbm]: Loading texture hbm:textures/items/bedrock_ore_sulfuric_light.png
[21:38:34] [Client thread/WARN] [hbm]: No animation metadata found for hbm:items/bedrock_ore_sulfuric_light-96
[21:38:34] [Client thread/INFO] [hbm]: Loading texture hbm:textures/items/bedrock_ore_fragment.png
[21:38:34] [Client thread/WARN] [hbm]: No animation metadata found for hbm:items/bedrock_ore_fragment-gold
[21:38:34] [Client thread/INFO] [hbm]: Loading texture hbm:textures/items/part_receiver_heavy.png
[21:38:34] [Client thread/WARN] [hbm]: No animation metadata found for hbm:items/part_receiver_heavy-bismuthbronze
[21:38:34] [Client thread/INFO] [hbm]: Loading texture hbm:textures/items/bedrock_ore_primary_crystal.png
[21:38:34] [Client thread/WARN] [hbm]: No animation metadata found for hbm:items/bedrock_ore_primary_crystal-41
[21:38:34] [Client thread/INFO] [hbm]: Loading texture hbm:textures/items/bedrock_ore_primary_crystal.png
[21:38:34] [Client thread/WARN] [hbm]: No animation metadata found for hbm:items/bedrock_ore_primary_crystal-35
[21:38:34] [Client thread/INFO] [hbm]: Loading texture hbm:textures/items/part_barrel_heavy.png
[21:38:34] [Client thread/WARN] [hbm]: No animation metadata found for hbm:items/part_barrel_heavy-saturnite
[21:38:34] [Client thread/INFO] [hbm]: Loading texture hbm:textures/items/bedrock_ore_primary_crystal.png
[21:38:34] [Client thread/WARN] [hbm]: No animation metadata found for hbm:items/bedrock_ore_primary_crystal-53
[21:38:34] [Client thread/INFO] [hbm]: Loading texture hbm:textures/items/bedrock_ore_primary_crystal.png
[21:38:34] [Client thread/WARN] [hbm]: No animation metadata found for hbm:items/bedrock_ore_primary_crystal-47
[21:38:34] [Client thread/INFO] [hbm]: Loading texture hbm:textures/items/bedrock_ore_sulfuric_light.png
[21:38:34] [Client thread/WARN] [hbm]: No animation metadata found for hbm:items/bedrock_ore_sulfuric_light-84
[21:38:34] [Client thread/INFO] [hbm]: Loading texture hbm:textures/items/part_grip.png
[21:38:34] [Client thread/WARN] [hbm]: No animation metadata found for hbm:items/part_grip-steel
[21:38:34] [Client thread/WARN] [net.minecraft.client.renderer.texture.TextureMap]: Texture hbm:textures/items/orange8.png with size 8x8 will have visual artifacts at mip level 4, it can only support level 3. Please report to the mod author that the texture should be some multiple of 16x16.
[21:38:34] [Client thread/WARN] [net.minecraft.client.renderer.texture.TextureMap]: Texture hbm:textures/items/orange5.png with size 8x8 will have visual artifacts at mip level 4, it can only support level 3. Please report to the mod author that the texture should be some multiple of 16x16.
[21:38:34] [Client thread/WARN] [net.minecraft.client.renderer.texture.TextureMap]: Texture hbm:textures/items/orange4.png with size 8x8 will have visual artifacts at mip level 4, it can only support level 3. Please report to the mod author that the texture should be some multiple of 16x16.
[21:38:34] [Client thread/WARN] [net.minecraft.client.renderer.texture.TextureMap]: Texture hbm:textures/items/orange7.png with size 8x8 will have visual artifacts at mip level 4, it can only support level 3. Please report to the mod author that the texture should be some multiple of 16x16.
[21:38:34] [Client thread/WARN] [net.minecraft.client.renderer.texture.TextureMap]: Texture hbm:textures/items/orange6.png with size 8x8 will have visual artifacts at mip level 4, it can only support level 3. Please report to the mod author that the texture should be some multiple of 16x16.
[21:38:34] [Client thread/INFO] [hbm]: Loading texture hbm:textures/items/bedrock_ore_primary_light.png
[21:38:34] [Client thread/WARN] [hbm]: No animation metadata found for hbm:items/bedrock_ore_primary_light-18
[21:38:34] [Client thread/WARN] [net.minecraft.client.renderer.texture.TextureMap]: Texture hbm:textures/items/orange1.png with size 8x8 will have visual artifacts at mip level 4, it can only support level 3. Please report to the mod author that the texture should be some multiple of 16x16.
[21:38:34] [Client thread/WARN] [net.minecraft.client.renderer.texture.TextureMap]: Texture hbm:textures/items/orange3.png with size 8x8 will have visual artifacts at mip level 4, it can only support level 3. Please report to the mod author that the texture should be some multiple of 16x16.
[21:38:34] [Client thread/WARN] [net.minecraft.client.renderer.texture.TextureMap]: Texture hbm:textures/items/orange2.png with size 8x8 will have visual artifacts at mip level 4, it can only support level 3. Please report to the mod author that the texture should be some multiple of 16x16.
[21:38:34] [Client thread/INFO] [hbm]: Loading texture hbm:textures/items/wire_dense.png
[21:38:34] [Client thread/WARN] [hbm]: No animation metadata found for hbm:items/wire_dense-magnetizedtungsten
[21:38:34] [Client thread/INFO] [hbm]: Loading texture hbm:textures/items/part_grip.png
[21:38:34] [Client thread/WARN] [hbm]: No animation metadata found for hbm:items/part_grip-weaponsteel
[21:38:34] [Client thread/INFO] [hbm]: Loading texture hbm:textures/items/bedrock_ore_primary_crystal.png
[21:38:34] [Client thread/WARN] [hbm]: No animation metadata found for hbm:items/bedrock_ore_primary_crystal-29
[21:38:34] [Client thread/INFO] [hbm]: Loading texture hbm:textures/items/bedrock_ore_solvent_nonmetal.png
[21:38:34] [Client thread/WARN] [hbm]: No animation metadata found for hbm:items/bedrock_ore_solvent_nonmetal-112
[21:38:34] [Client thread/INFO] [hbm]: Loading texture hbm:textures/items/bedrock_ore_primary_crystal.png
[21:38:34] [Client thread/WARN] [hbm]: No animation metadata found for hbm:items/bedrock_ore_primary_crystal-23
[21:38:34] [Client thread/INFO] [hbm]: Loading texture hbm:textures/items/bedrock_ore_solvent_nonmetal.png
[21:38:34] [Client thread/WARN] [hbm]: No animation metadata found for hbm:items/bedrock_ore_solvent_nonmetal-118
[21:38:34] [Client thread/INFO] [hbm]: Loading texture hbm:textures/items/scraps.png
[21:38:34] [Client thread/WARN] [hbm]: No animation metadata found for hbm:items/scraps-schrabidate
[21:38:34] [Client thread/INFO] [hbm]: Loading texture hbm:textures/items/scraps.png
[21:38:34] [Client thread/WARN] [hbm]: No animation metadata found for hbm:items/scraps-slag
[21:38:34] [Client thread/INFO] [hbm]: Loading texture hbm:textures/items/bedrock_ore_fragment.png
[21:38:34] [Client thread/WARN] [hbm]: No animation metadata found for hbm:items/bedrock_ore_fragment-cinnabar
[21:38:34] [Client thread/INFO] [hbm]: Loading texture hbm:textures/items/bedrock_ore_fragment.png
[21:38:34] [Client thread/WARN] [hbm]: No animation metadata found for hbm:items/bedrock_ore_fragment-silicon
[21:38:34] [Client thread/INFO] [hbm]: Loading texture hbm:textures/items/part_barrel_heavy.png
[21:38:34] [Client thread/WARN] [hbm]: No animation metadata found for hbm:items/part_barrel_heavy-durasteel
[21:38:34] [Client thread/WARN] [net.minecraft.client.renderer.texture.TextureMap]: Texture hbm:textures/models/machines/rtg_polonium_flipped.png with size 84x84 will have visual artifacts at mip level 4, it can only support level 2. Please report to the mod author that the texture should be some multiple of 16x16.
[21:38:34] [Client thread/INFO] [hbm]: Loading texture hbm:textures/items/scraps.png
[21:38:34] [Client thread/WARN] [hbm]: No animation metadata found for hbm:items/scraps-sodalite
[21:38:34] [Client thread/INFO] [hbm]: Loading texture hbm:textures/items/scraps.png
[21:38:34] [Client thread/WARN] [hbm]: No animation metadata found for hbm:items/scraps-bauxite
[21:38:34] [Client thread/INFO] [hbm]: Loading texture hbm:textures/items/bedrock_ore_rad_light.png
[21:38:34] [Client thread/WARN] [hbm]: No animation metadata found for hbm:items/bedrock_ore_rad_light-138
[21:38:34] [Client thread/INFO] [hbm]: Loading texture hbm:textures/items/bedrock_ore_rad_light.png
[21:38:34] [Client thread/WARN] [hbm]: No animation metadata found for hbm:items/bedrock_ore_rad_light-132
[21:38:34] [Client thread/INFO] [hbm]: Loading texture hbm:textures/items/scraps.png
[21:38:34] [Client thread/WARN] [hbm]: No animation metadata found for hbm:items/scraps-cadmium
[21:38:34] [Client thread/INFO] [hbm]: Loading texture hbm:textures/items/part_stock.png
[21:38:34] [Client thread/WARN] [hbm]: No animation metadata found for hbm:items/part_stock-saturnite
[21:38:34] [Client thread/INFO] [hbm]: Loading texture hbm:textures/items/part_barrel_light.png
[21:38:34] [Client thread/WARN] [hbm]: No animation metadata found for hbm:items/part_barrel_light-weaponsteel
[21:38:34] [Client thread/INFO] [hbm]: Loading texture hbm:textures/items/pipe.png
[21:38:34] [Client thread/WARN] [hbm]: No animation metadata found for hbm:items/pipe-copper
[21:38:34] [Client thread/INFO] [hbm]: Loading texture hbm:textures/items/plate_cast.png
[21:38:34] [Client thread/WARN] [hbm]: No animation metadata found for hbm:items/plate_cast-schrabidate
[21:38:34] [Client thread/INFO] [hbm]: Loading texture hbm:textures/items/bedrock_ore_primary_heavy.png
[21:38:34] [Client thread/WARN] [hbm]: No animation metadata found for hbm:items/bedrock_ore_primary_heavy-25
[21:38:34] [Client thread/INFO] [hbm]: Loading texture hbm:textures/items/plate_welded.png
[21:38:34] [Client thread/WARN] [hbm]: No animation metadata found for hbm:items/plate_welded-copper
[21:38:34] [Client thread/INFO] [hbm]: Loading texture hbm:textures/items/bedrock_ore_primary_heavy.png
[21:38:34] [Client thread/WARN] [hbm]: No animation metadata found for hbm:items/bedrock_ore_primary_heavy-19
[21:38:34] [Client thread/INFO] [hbm]: Loading texture hbm:textures/items/scraps.png
[21:38:34] [Client thread/WARN] [hbm]: No animation metadata found for hbm:items/scraps-rareearth
[21:38:34] [Client thread/INFO] [hbm]: Loading texture hbm:textures/items/scraps.png
[21:38:34] [Client thread/WARN] [hbm]: No animation metadata found for hbm:items/scraps-polymer
[21:38:34] [Client thread/INFO] [hbm]: Loading texture hbm:textures/items/bedrock_ore_primary_heavy.png
[21:38:34] [Client thread/WARN] [hbm]: No animation metadata found for hbm:items/bedrock_ore_primary_heavy-43
[21:38:34] [Client thread/INFO] [hbm]: Loading texture hbm:textures/items/bedrock_ore_primary_heavy.png
[21:38:34] [Client thread/WARN] [hbm]: No animation metadata found for hbm:items/bedrock_ore_primary_heavy-49
[21:38:34] [Client thread/INFO] [hbm]: Loading texture hbm:textures/items/scraps.png
[21:38:34] [Client thread/WARN] [hbm]: No animation metadata found for hbm:items/scraps-petcoke
[21:38:34] [Client thread/INFO] [hbm]: Loading texture hbm:textures/items/bedrock_ore_primary_heavy.png
[21:38:34] [Client thread/WARN] [hbm]: No animation metadata found for hbm:items/bedrock_ore_primary_heavy-31
[21:38:34] [Client thread/INFO] [hbm]: Loading texture hbm:textures/items/bedrock_ore_primary_heavy.png
[21:38:34] [Client thread/WARN] [hbm]: No animation metadata found for hbm:items/bedrock_ore_primary_heavy-37
[21:38:34] [Client thread/INFO] [hbm]: Loading texture hbm:textures/items/scraps.png
[21:38:34] [Client thread/WARN] [hbm]: No animation metadata found for hbm:items/scraps-wood
[21:38:34] [Client thread/INFO] [hbm]: Loading texture hbm:textures/items/plate_welded.png
[21:38:34] [Client thread/WARN] [hbm]: No animation metadata found for hbm:items/plate_welded-cmbsteel
[21:38:34] [Client thread/INFO] [hbm]: Loading texture hbm:textures/items/bedrock_ore_sulfuric_nonmetal.png
[21:38:34] [Client thread/WARN] [hbm]: No animation metadata found for hbm:items/bedrock_ore_sulfuric_nonmetal-100
[21:38:34] [Client thread/INFO] [hbm]: Loading texture hbm:textures/items/bedrock_ore_sulfuric_nonmetal.png
[21:38:34] [Client thread/WARN] [hbm]: No animation metadata found for hbm:items/bedrock_ore_sulfuric_nonmetal-106
[21:38:34] [Client thread/INFO] [hbm]: Loading texture hbm:textures/items/bedrock_ore_fragment.png
[21:38:34] [Client thread/WARN] [hbm]: No animation metadata found for hbm:items/bedrock_ore_fragment-beryllium
[21:38:34] [Client thread/INFO] [hbm]: Loading texture hbm:textures/items/scraps.png
[21:38:34] [Client thread/WARN] [hbm]: No animation metadata found for hbm:items/scraps-gunmetal
[21:38:34] [Client thread/INFO] [hbm]: Loading texture hbm:textures/items/bedrock_ore_solvent_heavy.png
[21:38:34] [Client thread/WARN] [hbm]: No animation metadata found for hbm:items/bedrock_ore_solvent_heavy-109
[21:38:34] [Client thread/INFO] [hbm]: Loading texture hbm:textures/items/bedrock_ore_rad_rare.png
[21:38:34] [Client thread/WARN] [hbm]: No animation metadata found for hbm:items/bedrock_ore_rad_rare-152
[21:38:34] [Client thread/INFO] [hbm]: Loading texture hbm:textures/items/bedrock_ore_fragment.png
[21:38:34] [Client thread/WARN] [hbm]: No animation metadata found for hbm:items/bedrock_ore_fragment-technetium99
[21:38:34] [Client thread/INFO] [hbm]: Loading texture hbm:textures/items/plate_cast.png
[21:38:34] [Client thread/WARN] [hbm]: No animation metadata found for hbm:items/plate_cast-schrabidium
[21:38:34] [Client thread/INFO] [hbm]: Loading texture hbm:textures/items/bedrock_ore_rad_rare.png
[21:38:34] [Client thread/WARN] [hbm]: No animation metadata found for hbm:items/bedrock_ore_rad_rare-140
[21:38:34] [Client thread/INFO] [hbm]: Loading texture hbm:textures/items/bedrock_ore_rad_rare.png
[21:38:34] [Client thread/WARN] [hbm]: No animation metadata found for hbm:items/bedrock_ore_rad_rare-146
[21:38:34] [Client thread/INFO] [hbm]: Loading texture hbm:textures/items/scraps.png
[21:38:34] [Client thread/WARN] [hbm]: No animation metadata found for hbm:items/scraps-bismuthbronze
[21:38:34] [Client thread/INFO] [hbm]: Loading texture hbm:textures/items/bedrock_ore_rad_rare.png
[21:38:34] [Client thread/WARN] [hbm]: No animation metadata found for hbm:items/bedrock_ore_rad_rare-134
[21:38:34] [Client thread/INFO] [hbm]: Loading texture hbm:textures/items/bedrock_ore_crumbs_rare.png
[21:38:34] [Client thread/WARN] [hbm]: No animation metadata found for hbm:items/bedrock_ore_crumbs_rare-80
[21:38:34] [Client thread/INFO] [hbm]: Loading texture hbm:textures/items/part_receiver_light.png
[21:38:34] [Client thread/WARN] [hbm]: No animation metadata found for hbm:items/part_receiver_light-durasteel
[21:38:34] [Client thread/INFO] [hbm]: Loading texture hbm:textures/items/scraps.png
[21:38:34] [Client thread/WARN] [hbm]: No animation metadata found for hbm:items/scraps-cdalloy
[21:38:34] [Client thread/INFO] [hbm]: Loading texture hbm:textures/items/scraps.png
[21:38:34] [Client thread/WARN] [hbm]: No animation metadata found for hbm:items/scraps-titanium
[21:38:34] [Client thread/INFO] [hbm]: Loading texture hbm:textures/items/bedrock_ore_solvent_heavy.png
[21:38:34] [Client thread/WARN] [hbm]: No animation metadata found for hbm:items/bedrock_ore_solvent_heavy-121
[21:38:34] [Client thread/INFO] [hbm]: Loading texture hbm:textures/items/part_receiver_heavy.png
[21:38:34] [Client thread/WARN] [hbm]: No animation metadata found for hbm:items/part_receiver_heavy-durasteel
[21:38:34] [Client thread/INFO] [hbm]: Loading texture hbm:textures/items/bedrock_ore_solvent_heavy.png
[21:38:34] [Client thread/WARN] [hbm]: No animation metadata found for hbm:items/bedrock_ore_solvent_heavy-127
[21:38:34] [Client thread/INFO] [hbm]: Loading texture hbm:textures/items/shell.png
[21:38:34] [Client thread/WARN] [hbm]: No animation metadata found for hbm:items/shell-copper
[21:38:34] [Client thread/INFO] [hbm]: Loading texture hbm:textures/items/part_receiver_heavy.png
[21:38:34] [Client thread/WARN] [hbm]: No animation metadata found for hbm:items/part_receiver_heavy-saturnite
[21:38:34] [Client thread/INFO] [hbm]: Loading texture hbm:textures/items/bedrock_ore_solvent_heavy.png
[21:38:34] [Client thread/WARN] [hbm]: No animation metadata found for hbm:items/bedrock_ore_solvent_heavy-115
[21:38:34] [Client thread/INFO] [hbm]: Loading texture hbm:textures/items/scraps.png
[21:38:34] [Client thread/WARN] [hbm]: No animation metadata found for hbm:items/scraps-zirconium
[21:38:34] [Client thread/INFO] [hbm]: Loading texture hbm:textures/items/bolt.png
[21:38:34] [Client thread/WARN] [hbm]: No animation metadata found for hbm:items/bolt-steel
[21:38:34] [Client thread/INFO] [hbm]: Loading texture hbm:textures/items/scraps.png
[21:38:34] [Client thread/WARN] [hbm]: No animation metadata found for hbm:items/scraps-polonium210
[21:38:34] [Client thread/INFO] [hbm]: Loading texture hbm:textures/items/part_receiver_light.png
[21:38:34] [Client thread/WARN] [hbm]: No animation metadata found for hbm:items/part_receiver_light-saturnite
[21:38:34] [Client thread/INFO] [hbm]: Loading texture hbm:textures/items/scraps.png
[21:38:34] [Client thread/WARN] [hbm]: No animation metadata found for hbm:items/scraps-lignite
[21:38:34] [Client thread/INFO] [hbm]: Loading texture hbm:textures/items/part_grip.png
[21:38:34] [Client thread/WARN] [hbm]: No animation metadata found for hbm:items/part_grip-saturnite
[21:38:34] [Client thread/INFO] [hbm]: Loading texture hbm:textures/items/part_grip.png
[21:38:34] [Client thread/WARN] [hbm]: No animation metadata found for hbm:items/part_grip-durasteel
[21:38:34] [Client thread/INFO] [hbm]: Loading texture hbm:textures/items/wire_dense.png
[21:38:34] [Client thread/WARN] [hbm]: No animation metadata found for hbm:items/wire_dense-niobium
[21:38:34] [Client thread/INFO] [hbm]: Loading texture hbm:textures/items/plate_cast.png
[21:38:34] [Client thread/WARN] [hbm]: No animation metadata found for hbm:items/plate_cast-cmbsteel
[21:38:34] [Client thread/INFO] [hbm]: Loading texture hbm:textures/items/scraps.png
[21:38:34] [Client thread/WARN] [hbm]: No animation metadata found for hbm:items/scraps-ghiorsium336
[21:38:34] [Client thread/INFO] [hbm]: Loading texture hbm:textures/items/part_receiver_light.png
[21:38:34] [Client thread/WARN] [hbm]: No animation metadata found for hbm:items/part_receiver_light-cdalloy
[21:38:34] [Client thread/INFO] [hbm]: Loading texture hbm:textures/items/scraps.png
[21:38:34] [Client thread/WARN] [hbm]: No animation metadata found for hbm:items/scraps-steel
[21:38:34] [Client thread/INFO] [hbm]: Loading texture hbm:textures/items/bedrock_ore_base_actinide.png
[21:38:34] [Client thread/WARN] [hbm]: No animation metadata found for hbm:items/bedrock_ore_base_actinide-15
[21:38:34] [Client thread/INFO] [hbm]: Loading texture hbm:textures/items/plate_welded.png
[21:38:34] [Client thread/WARN] [hbm]: No animation metadata found for hbm:items/plate_welded-osmiridium
[21:38:34] [Client thread/INFO] [hbm]: Loading texture hbm:textures/items/plate_welded.png
[21:38:34] [Client thread/WARN] [hbm]: No animation metadata found for hbm:items/plate_welded-iron
[21:38:34] [Client thread/INFO] [hbm]: Loading texture hbm:textures/items/bedrock_ore_sulfuric_crystal.png
[21:38:34] [Client thread/WARN] [hbm]: No animation metadata found for hbm:items/bedrock_ore_sulfuric_crystal-101
[21:38:34] [Client thread/INFO] [hbm]: Loading texture hbm:textures/items/bedrock_ore_base_light.png
[21:38:34] [Client thread/WARN] [hbm]: No animation metadata found for hbm:items/bedrock_ore_base_light-0
[21:38:34] [Client thread/INFO] [hbm]: Loading texture hbm:textures/items/bedrock_ore_sulfuric_crystal.png
[21:38:34] [Client thread/WARN] [hbm]: No animation metadata found for hbm:items/bedrock_ore_sulfuric_crystal-107
[21:38:34] [Client thread/INFO] [hbm]: Loading texture hbm:textures/items/bedrock_ore_base_light.png
[21:38:34] [Client thread/WARN] [hbm]: No animation metadata found for hbm:items/bedrock_ore_base_light-6
[21:38:34] [Client thread/INFO] [hbm]: Loading texture hbm:textures/items/scraps.png
[21:38:34] [Client thread/WARN] [hbm]: No animation metadata found for hbm:items/scraps-solinium
[21:38:34] [Client thread/INFO] [hbm]: Loading texture hbm:textures/items/bedrock_ore_crumbs_nonmetal.png
[21:38:34] [Client thread/WARN] [hbm]: No animation metadata found for hbm:items/bedrock_ore_crumbs_nonmetal-82
[21:38:34] [Client thread/INFO] [hbm]: Loading texture hbm:textures/items/pipe.png
[21:38:34] [Client thread/WARN] [hbm]: No animation metadata found for hbm:items/pipe-durasteel
[21:38:34] [Client thread/INFO] [hbm]: Loading texture hbm:textures/items/bolt.png
[21:38:34] [Client thread/WARN] [hbm]: No animation metadata found for hbm:items/bolt-tungsten
[21:38:34] [Client thread/INFO] [hbm]: Loading texture hbm:textures/items/bedrock_ore_base_actinide.png
[21:38:34] [Client thread/WARN] [hbm]: No animation metadata found for hbm:items/bedrock_ore_base_actinide-9
[21:38:34] [Client thread/INFO] [hbm]: Loading texture hbm:textures/items/part_receiver_heavy.png
[21:38:34] [Client thread/WARN] [hbm]: No animation metadata found for hbm:items/part_receiver_heavy-arsenicbronze
[21:38:34] [Client thread/INFO] [hbm]: Loading texture hbm:textures/items/scraps.png
[21:38:34] [Client thread/WARN] [hbm]: No animation metadata found for hbm:items/scraps-osmiridium
[21:38:34] [Client thread/INFO] [hbm]: Loading texture hbm:textures/items/scraps.png
[21:38:34] [Client thread/WARN] [hbm]: No animation metadata found for hbm:items/scraps-uranium235
[21:38:34] [Client thread/INFO] [hbm]: Loading texture hbm:textures/items/scraps.png
[21:38:34] [Client thread/WARN] [hbm]: No animation metadata found for hbm:items/scraps-uranium233
[21:38:34] [Client thread/INFO] [hbm]: Loading texture hbm:textures/items/scraps.png
[21:38:34] [Client thread/WARN] [hbm]: No animation metadata found for hbm:items/scraps-uranium238
[21:38:34] [Client thread/INFO] [hbm]: Loading texture hbm:textures/items/bedrock_ore_base_actinide.png
[21:38:34] [Client thread/WARN] [hbm]: No animation metadata found for hbm:items/bedrock_ore_base_actinide-3
[21:38:34] [Client thread/INFO] [hbm]: Loading texture hbm:textures/items/bedrock_ore_fragment.png
[21:38:34] [Client thread/WARN] [hbm]: No animation metadata found for hbm:items/bedrock_ore_fragment-sodalite
[21:38:34] [Client thread/INFO] [hbm]: Loading texture hbm:textures/items/scraps.png
[21:38:34] [Client thread/WARN] [hbm]: No animation metadata found for hbm:items/scraps-weaponsteel
[21:38:34] [Client thread/INFO] [hbm]: Loading texture hbm:textures/items/bedrock_ore_fragment.png
[21:38:34] [Client thread/WARN] [hbm]: No animation metadata found for hbm:items/bedrock_ore_fragment-saltpeter
[21:38:34] [Client thread/INFO] [hbm]: Loading texture hbm:textures/items/wire_dense.png
[21:38:34] [Client thread/WARN] [hbm]: No animation metadata found for hbm:items/wire_dense-schrabidium
[21:38:34] [Client thread/INFO] [hbm]: Loading texture hbm:textures/items/bedrock_ore_base_crystal.png
[21:38:34] [Client thread/WARN] [hbm]: No animation metadata found for hbm:items/bedrock_ore_base_crystal-17
[21:38:34] [Client thread/INFO] [hbm]: Loading texture hbm:textures/items/bedrock_ore_base_crystal.png
[21:38:34] [Client thread/WARN] [hbm]: No animation metadata found for hbm:items/bedrock_ore_base_crystal-11
[21:38:34] [Client thread/INFO] [hbm]: Loading texture hbm:textures/items/wire_dense.png
[21:38:34] [Client thread/WARN] [hbm]: No animation metadata found for hbm:items/wire_dense-titanium
[21:38:34] [Client thread/INFO] [hbm]: Loading texture hbm:textures/items/part_grip.png
[21:38:34] [Client thread/WARN] [hbm]: No animation metadata found for hbm:items/part_grip-gunmetal
[21:38:34] [Client thread/INFO] [hbm]: Loading texture hbm:textures/items/scraps.png
[21:38:34] [Client thread/WARN] [hbm]: No animation metadata found for hbm:items/scraps-tantalum
[21:38:34] [Client thread/INFO] [hbm]: Loading texture hbm:textures/items/scraps.png
[21:38:34] [Client thread/WARN] [hbm]: No animation metadata found for hbm:items/scraps-emerald
[21:38:34] [Client thread/INFO] [hbm]: Loading texture hbm:textures/items/scraps.png
[21:38:34] [Client thread/WARN] [hbm]: No animation metadata found for hbm:items/scraps-durasteel
[21:38:34] [Client thread/INFO] [hbm]: Loading texture hbm:textures/items/pipe.png
[21:38:34] [Client thread/WARN] [hbm]: No animation metadata found for hbm:items/pipe-rubber
[21:38:34] [Client thread/INFO] [hbm]: Loading texture hbm:textures/items/watz_pellet_depleted.png
[21:38:34] [Client thread/WARN] [hbm]: No animation metadata found for hbm:items/watz_pellet_depleted-10
[21:38:34] [Client thread/INFO] [hbm]: Loading texture hbm:textures/items/bedrock_ore_primary_heavy.png
[21:38:34] [Client thread/WARN] [hbm]: No animation metadata found for hbm:items/bedrock_ore_primary_heavy-61
[21:38:34] [Client thread/INFO] [hbm]: Loading texture hbm:textures/items/bedrock_ore_primary_heavy.png
[21:38:34] [Client thread/WARN] [hbm]: No animation metadata found for hbm:items/bedrock_ore_primary_heavy-67
[21:38:34] [Client thread/WARN] [net.minecraft.client.renderer.texture.TextureMap]: Texture hbm:textures/items/chlorine8.png with size 8x8 will have visual artifacts at mip level 4, it can only support level 3. Please report to the mod author that the texture should be some multiple of 16x16.
[21:38:34] [Client thread/WARN] [net.minecraft.client.renderer.texture.TextureMap]: Texture hbm:textures/items/chlorine6.png with size 8x8 will have visual artifacts at mip level 4, it can only support level 3. Please report to the mod author that the texture should be some multiple of 16x16.
[21:38:34] [Client thread/WARN] [net.minecraft.client.renderer.texture.TextureMap]: Texture hbm:textures/items/chlorine7.png with size 8x8 will have visual artifacts at mip level 4, it can only support level 3. Please report to the mod author that the texture should be some multiple of 16x16.
[21:38:34] [Client thread/WARN] [net.minecraft.client.renderer.texture.TextureMap]: Texture hbm:textures/items/chlorine4.png with size 8x8 will have visual artifacts at mip level 4, it can only support level 3. Please report to the mod author that the texture should be some multiple of 16x16.
[21:38:34] [Client thread/WARN] [net.minecraft.client.renderer.texture.TextureMap]: Texture hbm:textures/items/chlorine5.png with size 8x8 will have visual artifacts at mip level 4, it can only support level 3. Please report to the mod author that the texture should be some multiple of 16x16.
[21:38:34] [Client thread/WARN] [net.minecraft.client.renderer.texture.TextureMap]: Texture hbm:textures/items/chlorine2.png with size 8x8 will have visual artifacts at mip level 4, it can only support level 3. Please report to the mod author that the texture should be some multiple of 16x16.
[21:38:34] [Client thread/WARN] [net.minecraft.client.renderer.texture.TextureMap]: Texture hbm:textures/items/chlorine3.png with size 8x8 will have visual artifacts at mip level 4, it can only support level 3. Please report to the mod author that the texture should be some multiple of 16x16.
[21:38:34] [Client thread/INFO] [hbm]: Loading texture hbm:textures/items/bedrock_ore_primary_heavy.png
[21:38:34] [Client thread/WARN] [hbm]: No animation metadata found for hbm:items/bedrock_ore_primary_heavy-55
[21:38:34] [Client thread/WARN] [net.minecraft.client.renderer.texture.TextureMap]: Texture hbm:textures/items/chlorine1.png with size 8x8 will have visual artifacts at mip level 4, it can only support level 3. Please report to the mod author that the texture should be some multiple of 16x16.
[21:38:34] [Client thread/INFO] [hbm]: Loading texture hbm:textures/items/bedrock_ore_primary_heavy.png
[21:38:34] [Client thread/WARN] [hbm]: No animation metadata found for hbm:items/bedrock_ore_primary_heavy-73
[21:38:34] [Client thread/INFO] [hbm]: Loading texture hbm:textures/items/watz_pellet_depleted.png
[21:38:34] [Client thread/WARN] [hbm]: No animation metadata found for hbm:items/watz_pellet_depleted-11
[21:38:34] [Client thread/INFO] [hbm]: Loading texture hbm:textures/items/bedrock_ore_base_nonmetal.png
[21:38:34] [Client thread/WARN] [hbm]: No animation metadata found for hbm:items/bedrock_ore_base_nonmetal-4
[21:38:34] [Client thread/INFO] [hbm]: Loading texture hbm:textures/items/bedrock_ore_sulfuric_crystal.png
[21:38:34] [Client thread/WARN] [hbm]: No animation metadata found for hbm:items/bedrock_ore_sulfuric_crystal-95
[21:38:34] [Client thread/INFO] [hbm]: Loading texture hbm:textures/items/part_receiver_light.png
[21:38:34] [Client thread/WARN] [hbm]: No animation metadata found for hbm:items/part_receiver_light-steel
[21:38:34] [Client thread/INFO] [hbm]: Loading texture hbm:textures/items/part_barrel_heavy.png
[21:38:34] [Client thread/WARN] [hbm]: No animation metadata found for hbm:items/part_barrel_heavy-tcalloy
[21:38:34] [Client thread/INFO] [hbm]: Loading texture hbm:textures/items/bedrock_ore_crumbs_actinide.png
[21:38:34] [Client thread/WARN] [hbm]: No animation metadata found for hbm:items/bedrock_ore_crumbs_actinide-81
[21:38:34] [Client thread/INFO] [hbm]: Loading texture hbm:textures/items/scraps.png
[21:38:34] [Client thread/WARN] [hbm]: No animation metadata found for hbm:items/scraps-saturnite
[21:38:34] [Client thread/INFO] [hbm]: Loading texture hbm:textures/items/bedrock_ore_sulfuric_crystal.png
[21:38:34] [Client thread/WARN] [hbm]: No animation metadata found for hbm:items/bedrock_ore_sulfuric_crystal-89
[21:38:34] [Client thread/INFO] [hbm]: Loading texture hbm:textures/items/bedrock_ore_rad_light.png
[21:38:34] [Client thread/WARN] [hbm]: No animation metadata found for hbm:items/bedrock_ore_rad_light-150
[21:38:34] [Client thread/INFO] [hbm]: Loading texture hbm:textures/items/wire_dense.png
[21:38:34] [Client thread/WARN] [hbm]: No animation metadata found for hbm:items/wire_dense-tungsten
[21:38:34] [Client thread/INFO] [hbm]: Loading texture hbm:textures/items/bedrock_ore_fragment.png
[21:38:34] [Client thread/WARN] [hbm]: No animation metadata found for hbm:items/bedrock_ore_fragment-niobium
[21:38:34] [Client thread/WARN] [net.minecraft.client.renderer.texture.TextureMap]: Texture hbm:textures/items/pc3.png with size 8x8 will have visual artifacts at mip level 4, it can only support level 3. Please report to the mod author that the texture should be some multiple of 16x16.
[21:38:34] [Client thread/WARN] [net.minecraft.client.renderer.texture.TextureMap]: Texture hbm:textures/items/pc4.png with size 8x8 will have visual artifacts at mip level 4, it can only support level 3. Please report to the mod author that the texture should be some multiple of 16x16.
[21:38:34] [Client thread/WARN] [net.minecraft.client.renderer.texture.TextureMap]: Texture hbm:textures/items/pc1.png with size 8x8 will have visual artifacts at mip level 4, it can only support level 3. Please report to the mod author that the texture should be some multiple of 16x16.
[21:38:34] [Client thread/WARN] [net.minecraft.client.renderer.texture.TextureMap]: Texture hbm:textures/items/pc2.png with size 8x8 will have visual artifacts at mip level 4, it can only support level 3. Please report to the mod author that the texture should be some multiple of 16x16.
[21:38:34] [Client thread/WARN] [net.minecraft.client.renderer.texture.TextureMap]: Texture hbm:textures/items/pc7.png with size 8x8 will have visual artifacts at mip level 4, it can only support level 3. Please report to the mod author that the texture should be some multiple of 16x16.
[21:38:34] [Client thread/WARN] [net.minecraft.client.renderer.texture.TextureMap]: Texture hbm:textures/items/pc8.png with size 8x8 will have visual artifacts at mip level 4, it can only support level 3. Please report to the mod author that the texture should be some multiple of 16x16.
[21:38:34] [Client thread/WARN] [net.minecraft.client.renderer.texture.TextureMap]: Texture hbm:textures/items/pc5.png with size 8x8 will have visual artifacts at mip level 4, it can only support level 3. Please report to the mod author that the texture should be some multiple of 16x16.
[21:38:34] [Client thread/WARN] [net.minecraft.client.renderer.texture.TextureMap]: Texture hbm:textures/items/pc6.png with size 8x8 will have visual artifacts at mip level 4, it can only support level 3. Please report to the mod author that the texture should be some multiple of 16x16.
[21:38:34] [Client thread/INFO] [hbm]: Loading texture hbm:textures/items/bedrock_ore_rad_light.png
[21:38:34] [Client thread/WARN] [hbm]: No animation metadata found for hbm:items/bedrock_ore_rad_light-144
[21:38:34] [Client thread/INFO] [hbm]: Loading texture hbm:textures/items/plate_cast.png
[21:38:34] [Client thread/WARN] [hbm]: No animation metadata found for hbm:items/plate_cast-zirconium
[21:38:34] [Client thread/INFO] [hbm]: Loading texture hbm:textures/items/part_receiver_heavy.png
[21:38:34] [Client thread/WARN] [hbm]: No animation metadata found for hbm:items/part_receiver_heavy-ferrouranium
[21:38:34] [Client thread/INFO] [hbm]: Loading texture hbm:textures/items/bedrock_ore_fragment.png
[21:38:34] [Client thread/WARN] [hbm]: No animation metadata found for hbm:items/bedrock_ore_fragment-neodymium
[21:38:34] [Client thread/INFO] [hbm]: Loading texture hbm:textures/blocks/sellafield_slaked_1.png
[21:38:34] [Client thread/WARN] [hbm]: No animation metadata found for hbm:blocks/sellafield_slaked_1-1
[21:38:34] [Client thread/INFO] [hbm]: Loading texture hbm:textures/blocks/sellafield_slaked_1.png
[21:38:34] [Client thread/WARN] [hbm]: No animation metadata found for hbm:blocks/sellafield_slaked_1-2
[21:38:34] [Client thread/INFO] [hbm]: Loading texture hbm:textures/blocks/sellafield_slaked_1.png
[21:38:34] [Client thread/WARN] [hbm]: No animation metadata found for hbm:blocks/sellafield_slaked_1-0
[21:38:34] [Client thread/INFO] [hbm]: Loading texture hbm:textures/blocks/sellafield_slaked_1.png
[21:38:34] [Client thread/WARN] [hbm]: No animation metadata found for hbm:blocks/sellafield_slaked_1-5
[21:38:34] [Client thread/INFO] [hbm]: Loading texture hbm:textures/blocks/sellafield_slaked_1.png
[21:38:34] [Client thread/WARN] [hbm]: No animation metadata found for hbm:blocks/sellafield_slaked_1-3
[21:38:34] [Client thread/INFO] [hbm]: Loading texture hbm:textures/blocks/sellafield_slaked_1.png
[21:38:34] [Client thread/WARN] [hbm]: No animation metadata found for hbm:blocks/sellafield_slaked_1-4
[21:38:34] [Client thread/INFO] [hbm]: Loading texture hbm:textures/items/wire_dense.png
[21:38:34] [Client thread/WARN] [hbm]: No animation metadata found for hbm:items/wire_dense-schrabidate
[21:38:34] [Client thread/INFO] [hbm]: Loading texture hbm:textures/items/part_stock.png
[21:38:34] [Client thread/WARN] [hbm]: No animation metadata found for hbm:items/part_stock-gunmetal
[21:38:34] [Client thread/INFO] [hbm]: Loading texture hbm:textures/items/bedrock_ore_sulfuric_heavy.png
[21:38:34] [Client thread/WARN] [hbm]: No animation metadata found for hbm:items/bedrock_ore_sulfuric_heavy-91
[21:38:34] [Client thread/INFO] [hbm]: Loading texture hbm:textures/items/bedrock_ore_sulfuric_heavy.png
[21:38:34] [Client thread/WARN] [hbm]: No animation metadata found for hbm:items/bedrock_ore_sulfuric_heavy-85
[21:38:34] [Client thread/INFO] [hbm]: Loading texture hbm:textures/items/scraps.png
[21:38:34] [Client thread/WARN] [hbm]: No animation metadata found for hbm:items/scraps-pigiron
[21:38:34] [Client thread/INFO] [hbm]: Loading texture hbm:textures/items/wire_dense.png
[21:38:34] [Client thread/WARN] [hbm]: No animation metadata found for hbm:items/wire_dense-gold
[21:38:34] [Client thread/INFO] [hbm]: Loading texture hbm:textures/items/pipe.png
[21:38:34] [Client thread/WARN] [hbm]: No animation metadata found for hbm:items/pipe-lead
[21:38:34] [Client thread/INFO] [hbm]: Loading texture hbm:textures/items/scraps.png
[21:38:34] [Client thread/WARN] [hbm]: No animation metadata found for hbm:items/scraps-pvc
[21:38:34] [Client thread/INFO] [hbm]: Loading texture hbm:textures/items/scraps.png
[21:38:34] [Client thread/WARN] [hbm]: No animation metadata found for hbm:items/scraps-lead209
[21:38:34] [Client thread/INFO] [hbm]: Loading texture hbm:textures/items/bedrock_ore_sulfuric_heavy.png
[21:38:34] [Client thread/WARN] [hbm]: No animation metadata found for hbm:items/bedrock_ore_sulfuric_heavy-97
[21:38:34] [Client thread/INFO] [hbm]: Loading texture hbm:textures/items/part_receiver_heavy.png
[21:38:34] [Client thread/WARN] [hbm]: No animation metadata found for hbm:items/part_receiver_heavy-tcalloy
[21:38:34] [Client thread/INFO] [hbm]: Loading texture hbm:textures/items/scraps.png
[21:38:34] [Client thread/WARN] [hbm]: No animation metadata found for hbm:items/scraps-starmetal
[21:38:34] [Client thread/WARN] [net.minecraft.client.renderer.texture.TextureMap]: Texture hbm:textures/items/ingot_nikonium.png with size 200x200 will have visual artifacts at mip level 4, it can only support level 3. Please report to the mod author that the texture should be some multiple of 16x16.
[21:38:34] [Client thread/INFO] [hbm]: Loading texture hbm:textures/items/plate_cast.png
[21:38:34] [Client thread/WARN] [hbm]: No animation metadata found for hbm:items/plate_cast-steel
[21:38:34] [Client thread/INFO] [hbm]: Loading texture hbm:textures/items/scraps.png
[21:38:34] [Client thread/WARN] [hbm]: No animation metadata found for hbm:items/scraps-graphite
[21:38:34] [Client thread/INFO] [hbm]: Loading texture hbm:textures/items/bedrock_ore_base_nonmetal.png
[21:38:34] [Client thread/WARN] [hbm]: No animation metadata found for hbm:items/bedrock_ore_base_nonmetal-16
[21:38:34] [Client thread/INFO] [hbm]: Loading texture hbm:textures/items/bedrock_ore_base_nonmetal.png
[21:38:34] [Client thread/WARN] [hbm]: No animation metadata found for hbm:items/bedrock_ore_base_nonmetal-10
[21:38:34] [Client thread/INFO] [hbm]: Loading texture hbm:textures/items/scraps.png
[21:38:34] [Client thread/WARN] [hbm]: No animation metadata found for hbm:items/scraps-ferrouranium
[21:38:34] [Client thread/INFO] [hbm]: Loading texture hbm:textures/items/shell.png
[21:38:34] [Client thread/WARN] [hbm]: No animation metadata found for hbm:items/shell-aluminum
[21:38:34] [Client thread/INFO] [hbm]: Loading texture hbm:textures/items/bedrock_ore_fragment.png
[21:38:34] [Client thread/WARN] [hbm]: No animation metadata found for hbm:items/bedrock_ore_fragment-sodium
[21:38:34] [Client thread/INFO] [hbm]: Loading texture hbm:textures/items/part_receiver_light.png
[21:38:34] [Client thread/WARN] [hbm]: No animation metadata found for hbm:items/part_receiver_light-gunmetal
[21:38:34] [Client thread/INFO] [hbm]: Loading texture hbm:textures/items/scraps.png
[21:38:34] [Client thread/WARN] [hbm]: No animation metadata found for hbm:items/scraps-neodymium
[21:38:34] [Client thread/INFO] [hbm]: Loading texture hbm:textures/items/scraps.png
[21:38:34] [Client thread/WARN] [hbm]: No animation metadata found for hbm:items/scraps-schraranium
[21:38:34] [Client thread/INFO] [hbm]: Loading texture hbm:textures/items/scraps.png
[21:38:34] [Client thread/WARN] [hbm]: No animation metadata found for hbm:items/scraps-lithium
[21:38:34] [Client thread/INFO] [hbm]: Loading texture hbm:textures/items/bedrock_ore_fragment.png
[21:38:34] [Client thread/WARN] [hbm]: No animation metadata found for hbm:items/bedrock_ore_fragment-thorium232
[21:38:34] [Client thread/INFO] [hbm]: Loading texture hbm:textures/items/bedrock_ore_fragment.png
[21:38:34] [Client thread/WARN] [hbm]: No animation metadata found for hbm:items/bedrock_ore_fragment-coal
[21:38:34] [Client thread/INFO] [hbm]: Loading texture hbm:textures/items/plate_welded.png
[21:38:34] [Client thread/WARN] [hbm]: No animation metadata found for hbm:items/plate_welded-steel
[21:38:34] [Client thread/WARN] [net.minecraft.client.renderer.texture.TextureMap]: Texture hbm:textures/blocks/deco_pole_top_flipped.png with size 20x20 will have visual artifacts at mip level 4, it can only support level 2. Please report to the mod author that the texture should be some multiple of 16x16.
[21:38:34] [Client thread/INFO] [hbm]: Loading texture hbm:textures/items/wire_fine.png
[21:38:34] [Client thread/WARN] [hbm]: No animation metadata found for hbm:items/wire_fine-lead
[21:38:34] [Client thread/INFO] [hbm]: Loading texture hbm:textures/items/scraps.png
[21:38:34] [Client thread/WARN] [hbm]: No animation metadata found for hbm:items/scraps-stone
[21:38:34] [Client thread/INFO] [hbm]: Loading texture hbm:textures/items/wire_dense.png
[21:38:34] [Client thread/WARN] [hbm]: No animation metadata found for hbm:items/wire_dense-dineutronium
[21:38:34] [Client thread/INFO] [hbm]: Loading texture hbm:textures/items/plate_cast.png
[21:38:34] [Client thread/WARN] [hbm]: No animation metadata found for hbm:items/plate_cast-weaponsteel
[21:38:34] [Client thread/INFO] [hbm]: Loading texture hbm:textures/items/plate_cast.png
[21:38:34] [Client thread/WARN] [hbm]: No animation metadata found for hbm:items/plate_cast-iron
[21:38:34] [Client thread/INFO] [hbm]: Loading texture hbm:textures/items/part_stock.png
[21:38:34] [Client thread/WARN] [hbm]: No animation metadata found for hbm:items/part_stock-wood
[21:38:34] [Client thread/INFO] [hbm]: Loading texture hbm:textures/items/bedrock_ore_fragment.png
[21:38:34] [Client thread/WARN] [hbm]: No animation metadata found for hbm:items/bedrock_ore_fragment-redstone
[21:38:34] [Client thread/INFO] [hbm]: Loading texture hbm:textures/items/scraps.png
[21:38:34] [Client thread/WARN] [hbm]: No animation metadata found for hbm:items/scraps-redstone
[21:38:34] [Client thread/INFO] [hbm]: Loading texture hbm:textures/items/scraps.png
[21:38:34] [Client thread/WARN] [hbm]: No animation metadata found for hbm:items/scraps-hematite
[21:38:34] [Client thread/INFO] [hbm]: Loading texture hbm:textures/items/scraps.png
[21:38:34] [Client thread/WARN] [hbm]: No animation metadata found for hbm:items/scraps-molysite
[21:38:34] [Client thread/INFO] [hbm]: Loading texture hbm:textures/items/scraps.png
[21:38:34] [Client thread/WARN] [hbm]: No animation metadata found for hbm:items/scraps-coal
[21:38:34] [Client thread/INFO] [hbm]: Loading texture hbm:textures/items/part_grip.png
[21:38:34] [Client thread/WARN] [hbm]: No animation metadata found for hbm:items/part_grip-polycarbonate
[21:38:34] [Client thread/INFO] [hbm]: Loading texture hbm:textures/items/bedrock_ore_fragment.png
[21:38:34] [Client thread/WARN] [hbm]: No animation metadata found for hbm:items/bedrock_ore_fragment-molysite
[21:38:34] [Client thread/INFO] [hbm]: Loading texture hbm:textures/items/scraps.png
[21:38:34] [Client thread/WARN] [hbm]: No animation metadata found for hbm:items/scraps-niobium
[21:38:34] [Client thread/INFO] [hbm]: Loading texture hbm:textures/items/part_receiver_light.png
[21:38:34] [Client thread/WARN] [hbm]: No animation metadata found for hbm:items/part_receiver_light-bismuthbronze
[21:38:34] [Client thread/INFO] [hbm]: Loading texture hbm:textures/blocks/sellafield_slaked_2.png
[21:38:34] [Client thread/WARN] [hbm]: No animation metadata found for hbm:blocks/sellafield_slaked_2-0
[21:38:34] [Client thread/INFO] [hbm]: Loading texture hbm:textures/blocks/sellafield_slaked_2.png
[21:38:34] [Client thread/WARN] [hbm]: No animation metadata found for hbm:blocks/sellafield_slaked_2-1
[21:38:34] [Client thread/INFO] [hbm]: Loading texture hbm:textures/blocks/sellafield_slaked_2.png
[21:38:34] [Client thread/WARN] [hbm]: No animation metadata found for hbm:blocks/sellafield_slaked_2-4
[21:38:34] [Client thread/INFO] [hbm]: Loading texture hbm:textures/blocks/sellafield_slaked_2.png
[21:38:34] [Client thread/WARN] [hbm]: No animation metadata found for hbm:blocks/sellafield_slaked_2-5
[21:38:34] [Client thread/INFO] [hbm]: Loading texture hbm:textures/blocks/sellafield_slaked_2.png
[21:38:34] [Client thread/WARN] [hbm]: No animation metadata found for hbm:blocks/sellafield_slaked_2-2
[21:38:34] [Client thread/INFO] [hbm]: Loading texture hbm:textures/blocks/sellafield_slaked_2.png
[21:38:34] [Client thread/WARN] [hbm]: No animation metadata found for hbm:blocks/sellafield_slaked_2-3
[21:38:34] [Client thread/INFO] [hbm]: Loading texture hbm:textures/items/scraps.png
[21:38:34] [Client thread/WARN] [hbm]: No animation metadata found for hbm:items/scraps-dineutronium
[21:38:34] [Client thread/INFO] [hbm]: Loading texture hbm:textures/items/bedrock_ore_primary_actinide.png
[21:38:34] [Client thread/WARN] [hbm]: No animation metadata found for hbm:items/bedrock_ore_primary_actinide-45
[21:38:34] [Client thread/INFO] [hbm]: Loading texture hbm:textures/items/watz_pellet.png
[21:38:34] [Client thread/WARN] [hbm]: No animation metadata found for hbm:items/watz_pellet-11
[21:38:34] [Client thread/INFO] [hbm]: Loading texture hbm:textures/items/scraps.png
[21:38:34] [Client thread/WARN] [hbm]: No animation metadata found for hbm:items/scraps-cinnabar
[21:38:34] [Client thread/INFO] [hbm]: Loading texture hbm:textures/items/shell.png
[21:38:34] [Client thread/WARN] [hbm]: No animation metadata found for hbm:items/shell-weaponsteel
[21:38:34] [Client thread/INFO] [hbm]: Loading texture hbm:textures/items/bedrock_ore_primary_actinide.png
[21:38:34] [Client thread/WARN] [hbm]: No animation metadata found for hbm:items/bedrock_ore_primary_actinide-39
[21:38:34] [Client thread/INFO] [hbm]: Loading texture hbm:textures/items/bedrock_ore_primary_actinide.png
[21:38:34] [Client thread/WARN] [hbm]: No animation metadata found for hbm:items/bedrock_ore_primary_actinide-33
[21:38:34] [Client thread/INFO] [hbm]: Loading texture hbm:textures/items/scraps.png
[21:38:34] [Client thread/WARN] [hbm]: No animation metadata found for hbm:items/scraps-thorium232
[21:38:34] [Client thread/INFO] [hbm]: Loading texture hbm:textures/items/watz_pellet.png
[21:38:34] [Client thread/WARN] [hbm]: No animation metadata found for hbm:items/watz_pellet-10
[21:38:34] [Client thread/INFO] [hbm]: Loading texture hbm:textures/items/bedrock_ore_primary_actinide.png
[21:38:34] [Client thread/WARN] [hbm]: No animation metadata found for hbm:items/bedrock_ore_primary_actinide-63
[21:38:34] [Client thread/INFO] [hbm]: Loading texture hbm:textures/items/bedrock_ore_primary_actinide.png
[21:38:34] [Client thread/WARN] [hbm]: No animation metadata found for hbm:items/bedrock_ore_primary_actinide-69
[21:38:34] [Client thread/INFO] [hbm]: Loading texture hbm:textures/items/bedrock_ore_primary_actinide.png
[21:38:34] [Client thread/WARN] [hbm]: No animation metadata found for hbm:items/bedrock_ore_primary_actinide-51
[21:38:34] [Client thread/INFO] [hbm]: Loading texture hbm:textures/items/bedrock_ore_primary_actinide.png
[21:38:34] [Client thread/WARN] [hbm]: No animation metadata found for hbm:items/bedrock_ore_primary_actinide-57
[21:38:34] [Client thread/INFO] [hbm]: Loading texture hbm:textures/items/scraps.png
[21:38:34] [Client thread/WARN] [hbm]: No animation metadata found for hbm:items/scraps-lanthanum
[21:38:34] [Client thread/INFO] [hbm]: Loading texture hbm:textures/items/part_receiver_light.png
[21:38:34] [Client thread/WARN] [hbm]: No animation metadata found for hbm:items/part_receiver_light-arsenicbronze
[21:38:34] [Client thread/INFO] [hbm]: Loading texture hbm:textures/items/bedrock_ore_primary_actinide.png
[21:38:34] [Client thread/WARN] [hbm]: No animation metadata found for hbm:items/bedrock_ore_primary_actinide-75
[21:38:34] [Client thread/INFO] [hbm]: Loading texture hbm:textures/items/ingot_raw.png
[21:38:34] [Client thread/WARN] [hbm]: No animation metadata found for hbm:items/ingot_raw-neodymium
[21:38:34] [Client thread/INFO] [hbm]: Loading texture hbm:textures/items/part_grip.png
[21:38:34] [Client thread/WARN] [hbm]: No animation metadata found for hbm:items/part_grip-rubber
[21:38:34] [Client thread/INFO] [hbm]: Loading texture hbm:textures/items/scraps.png
[21:38:34] [Client thread/WARN] [hbm]: No animation metadata found for hbm:items/scraps-polycarbonate
[21:38:34] [Client thread/INFO] [hbm]: Loading texture hbm:textures/items/scraps.png
[21:38:34] [Client thread/WARN] [hbm]: No animation metadata found for hbm:items/scraps-beryllium
[21:38:34] [Client thread/INFO] [hbm]: Loading texture hbm:textures/items/bedrock_ore_fragment.png
[21:38:34] [Client thread/WARN] [hbm]: No animation metadata found for hbm:items/bedrock_ore_fragment-borax
[21:38:34] [Client thread/INFO] [hbm]: Loading texture hbm:textures/items/plate_welded.png
[21:38:34] [Client thread/WARN] [hbm]: No animation metadata found for hbm:items/plate_welded-aluminum
[21:38:34] [Client thread/WARN] [net.minecraft.client.renderer.texture.TextureMap]: Texture hbm:textures/particle/debug_power.png with size 8x8 will have visual artifacts at mip level 4, it can only support level 3. Please report to the mod author that the texture should be some multiple of 16x16.
[21:38:34] [Client thread/INFO] [hbm]: Loading texture hbm:textures/items/bedrock_ore_sulfuric_actinide.png
[21:38:34] [Client thread/WARN] [hbm]: No animation metadata found for hbm:items/bedrock_ore_sulfuric_actinide-99
[21:38:34] [Client thread/INFO] [hbm]: Loading texture hbm:textures/items/plate_cast.png
[21:38:34] [Client thread/WARN] [hbm]: No animation metadata found for hbm:items/plate_cast-copper
[21:38:34] [Client thread/INFO] [hbm]: Loading texture hbm:textures/items/bedrock_ore_sulfuric_actinide.png
[21:38:34] [Client thread/WARN] [hbm]: No animation metadata found for hbm:items/bedrock_ore_sulfuric_actinide-93
[21:38:34] [Client thread/INFO] [hbm]: Loading texture hbm:textures/items/bedrock_ore_sulfuric_heavy.png
[21:38:34] [Client thread/WARN] [hbm]: No animation metadata found for hbm:items/bedrock_ore_sulfuric_heavy-103
[21:38:34] [Client thread/INFO] [hbm]: Loading texture hbm:textures/items/bedrock_ore_sulfuric_actinide.png
[21:38:34] [Client thread/WARN] [hbm]: No animation metadata found for hbm:items/bedrock_ore_sulfuric_actinide-87
[21:38:34] [Client thread/INFO] [hbm]: Loading texture hbm:textures/items/plate_cast.png
[21:38:34] [Client thread/WARN] [hbm]: No animation metadata found for hbm:items/plate_cast-lead
[21:38:34] [Client thread/INFO] [hbm]: Loading texture hbm:textures/items/bedrock_ore_fragment.png
[21:38:34] [Client thread/WARN] [hbm]: No animation metadata found for hbm:items/bedrock_ore_fragment-rareearth
[21:38:34] [Client thread/INFO] [hbm]: Loading texture hbm:textures/items/scraps.png
[21:38:34] [Client thread/WARN] [hbm]: No animation metadata found for hbm:items/scraps-bone
[21:38:34] [Client thread/WARN] [net.minecraft.client.renderer.texture.TextureMap]: Texture hbm:textures/blocks/deco_computer.png with size 66x66 will have visual artifacts at mip level 4, it can only support level 1. Please report to the mod author that the texture should be some multiple of 16x16.
[21:38:34] [Client thread/INFO] [hbm]: Loading texture hbm:textures/items/plate_welded.png
[21:38:34] [Client thread/WARN] [hbm]: No animation metadata found for hbm:items/plate_welded-tcalloy
[21:38:34] [Client thread/INFO] [hbm]: Loading texture hbm:textures/items/part_grip.png
[21:38:34] [Client thread/WARN] [hbm]: No animation metadata found for hbm:items/part_grip-workersalloy
[21:38:34] [Client thread/INFO] [hbm]: Loading texture hbm:textures/items/bedrock_ore_primary_actinide.png
[21:38:34] [Client thread/WARN] [hbm]: No animation metadata found for hbm:items/bedrock_ore_primary_actinide-27
[21:38:34] [Client thread/INFO] [hbm]: Loading texture hbm:textures/items/bedrock_ore_primary_actinide.png
[21:38:34] [Client thread/WARN] [hbm]: No animation metadata found for hbm:items/bedrock_ore_primary_actinide-21
[21:38:34] [Client thread/INFO] [hbm]: Loading texture hbm:textures/items/scraps.png
[21:38:34] [Client thread/WARN] [hbm]: No animation metadata found for hbm:items/scraps-saltpeter
[21:38:34] [Client thread/INFO] [hbm]: Loading texture hbm:textures/items/part_stock.png
[21:38:34] [Client thread/WARN] [hbm]: No animation metadata found for hbm:items/part_stock-workersalloy
[21:38:34] [Client thread/INFO] [hbm]: Loading texture hbm:textures/items/scraps.png
[21:38:34] [Client thread/WARN] [hbm]: No animation metadata found for hbm:items/scraps-americium242
[21:38:34] [Client thread/INFO] [hbm]: Loading texture hbm:textures/items/scraps.png
[21:38:34] [Client thread/WARN] [hbm]: No animation metadata found for hbm:items/scraps-americium241
[21:38:34] [Client thread/INFO] [hbm]: Loading texture hbm:textures/items/bedrock_ore_sulfuric_nonmetal.png
[21:38:34] [Client thread/WARN] [hbm]: No animation metadata found for hbm:items/bedrock_ore_sulfuric_nonmetal-94
[21:38:34] [Client thread/INFO] [hbm]: Loading texture hbm:textures/items/plate_cast.png
[21:38:34] [Client thread/WARN] [hbm]: No animation metadata found for hbm:items/plate_cast-gold
[21:38:34] [Client thread/INFO] [hbm]: Loading texture hbm:textures/items/bedrock_ore_fragment.png
[21:38:34] [Client thread/WARN] [hbm]: No animation metadata found for hbm:items/bedrock_ore_fragment-sulfur
[21:38:34] [Client thread/INFO] [hbm]: Loading texture hbm:textures/items/bedrock_ore_base_rare.png
[21:38:34] [Client thread/WARN] [hbm]: No animation metadata found for hbm:items/bedrock_ore_base_rare-14
[21:38:34] [Client thread/INFO] [hbm]: Loading texture hbm:textures/items/scraps.png
[21:38:34] [Client thread/WARN] [hbm]: No animation metadata found for hbm:items/scraps-strontium
[21:38:34] [Client thread/INFO] [hbm]: Loading texture hbm:textures/items/part_mechanism.png
[21:38:34] [Client thread/WARN] [hbm]: No animation metadata found for hbm:items/part_mechanism-gunmetal
[21:38:34] [Client thread/WARN] [net.minecraft.client.renderer.texture.TextureMap]: Texture hbm:textures/items/discharge.png with size 24x24 will have visual artifacts at mip level 4, it can only support level 3. Please report to the mod author that the texture should be some multiple of 16x16.
[21:38:34] [Client thread/INFO] [hbm]: Loading texture hbm:textures/items/part_receiver_light.png
[21:38:34] [Client thread/WARN] [hbm]: No animation metadata found for hbm:items/part_receiver_light-workersalloy
[21:38:34] [Client thread/INFO] [hbm]: Loading texture hbm:textures/items/bedrock_ore_fragment.png
[21:38:34] [Client thread/WARN] [hbm]: No animation metadata found for hbm:items/bedrock_ore_fragment-tantalum
[21:38:34] [Client thread/INFO] [hbm]: Loading texture hbm:textures/items/bedrock_ore_fragment.png
[21:38:34] [Client thread/WARN] [hbm]: No animation metadata found for hbm:items/bedrock_ore_fragment-zirconium
[21:38:34] [Client thread/INFO] [hbm]: Loading texture hbm:textures/items/plate_welded.png
[21:38:34] [Client thread/WARN] [hbm]: No animation metadata found for hbm:items/plate_welded-titanium
[21:38:34] [Client thread/WARN] [net.minecraft.client.renderer.texture.TextureMap]: Texture hbm:textures/particle/contrail.png with size 8x8 will have visual artifacts at mip level 4, it can only support level 3. Please report to the mod author that the texture should be some multiple of 16x16.
[21:38:34] [Client thread/INFO] [hbm]: Loading texture hbm:textures/items/scraps.png
[21:38:34] [Client thread/WARN] [hbm]: No animation metadata found for hbm:items/scraps-lignitecoke
[21:38:34] [Client thread/INFO] [hbm]: Loading texture hbm:textures/items/bedrock_ore_primary_rare.png
[21:38:34] [Client thread/WARN] [hbm]: No animation metadata found for hbm:items/bedrock_ore_primary_rare-68
[21:38:34] [Client thread/INFO] [hbm]: Loading texture hbm:textures/items/bedrock_ore_primary_rare.png
[21:38:34] [Client thread/WARN] [hbm]: No animation metadata found for hbm:items/bedrock_ore_primary_rare-74
[21:38:34] [Client thread/INFO] [hbm]: Loading texture hbm:textures/items/bedrock_ore_fragment.png
[21:38:34] [Client thread/WARN] [hbm]: No animation metadata found for hbm:items/bedrock_ore_fragment-fluorite
[21:38:34] [Client thread/INFO] [hbm]: Loading texture hbm:textures/items/part_stock.png
[21:38:34] [Client thread/WARN] [hbm]: No animation metadata found for hbm:items/part_stock-polycarbonate
[21:38:34] [Client thread/INFO] [hbm]: Loading texture hbm:textures/items/part_grip.png
[21:38:34] [Client thread/WARN] [hbm]: No animation metadata found for hbm:items/part_grip-bone
[21:38:34] [Client thread/INFO] [hbm]: Loading texture hbm:textures/items/scraps.png
[21:38:34] [Client thread/WARN] [hbm]: No animation metadata found for hbm:items/scraps-chlorocalcite
[21:38:34] [Client thread/INFO] [hbm]: Loading texture hbm:textures/items/bedrock_ore_fragment.png
[21:38:34] [Client thread/WARN] [hbm]: No animation metadata found for hbm:items/bedrock_ore_fragment-lithium
[21:38:34] [Client thread/INFO] [hbm]: Loading texture hbm:textures/items/pipe.png
[21:38:34] [Client thread/WARN] [hbm]: No animation metadata found for hbm:items/pipe-aluminum
[21:38:34] [Client thread/INFO] [hbm]: Loading texture hbm:textures/items/ingot_raw.png
[21:38:34] [Client thread/WARN] [hbm]: No animation metadata found for hbm:items/ingot_raw-slag
[21:38:34] [Client thread/INFO] [hbm]: Loading texture hbm:textures/items/scraps.png
[21:38:34] [Client thread/WARN] [hbm]: No animation metadata found for hbm:items/scraps-borax
[21:38:34] [Client thread/INFO] [hbm]: Loading texture hbm:textures/items/bedrock_ore_rad_crystal.png
[21:38:34] [Client thread/WARN] [hbm]: No animation metadata found for hbm:items/bedrock_ore_rad_crystal-149
[21:38:34] [Client thread/INFO] [hbm]: Loading texture hbm:textures/items/bedrock_ore_rad_crystal.png
[21:38:34] [Client thread/WARN] [hbm]: No animation metadata found for hbm:items/bedrock_ore_rad_crystal-143
[21:38:34] [Client thread/INFO] [hbm]: Loading texture hbm:textures/items/bedrock_ore_rad_crystal.png
[21:38:34] [Client thread/WARN] [hbm]: No animation metadata found for hbm:items/bedrock_ore_rad_crystal-137
[21:38:34] [Client thread/INFO] [hbm]: Loading texture hbm:textures/items/scraps.png
[21:38:34] [Client thread/WARN] [hbm]: No animation metadata found for hbm:items/scraps-calcium
[21:38:34] [Client thread/INFO] [hbm]: Loading texture hbm:textures/items/bedrock_ore_fragment.png
[21:38:34] [Client thread/WARN] [hbm]: No animation metadata found for hbm:items/bedrock_ore_fragment-tungsten
[21:38:34] [Client thread/INFO] [hbm]: Loading texture hbm:textures/items/wire_dense.png
[21:38:34] [Client thread/WARN] [hbm]: No animation metadata found for hbm:items/wire_dense-bscco
[21:38:34] [Client thread/INFO] [hbm]: Loading texture hbm:textures/items/bedrock_ore_rad_crystal.png
[21:38:34] [Client thread/WARN] [hbm]: No animation metadata found for hbm:items/bedrock_ore_rad_crystal-155
[21:38:34] [Client thread/INFO] [hbm]: Loading texture hbm:textures/items/bedrock_ore_primary_rare.png
[21:38:34] [Client thread/WARN] [hbm]: No animation metadata found for hbm:items/bedrock_ore_primary_rare-44
[21:38:34] [Client thread/INFO] [hbm]: Loading texture hbm:textures/items/scraps.png
[21:38:34] [Client thread/WARN] [hbm]: No animation metadata found for hbm:items/scraps-mingrade
[21:38:34] [Client thread/INFO] [hbm]: Loading texture hbm:textures/items/bedrock_ore_primary_rare.png
[21:38:34] [Client thread/WARN] [hbm]: No animation metadata found for hbm:items/bedrock_ore_primary_rare-50
[21:38:34] [Client thread/INFO] [hbm]: Loading texture hbm:textures/items/plate_cast.png
[21:38:34] [Client thread/WARN] [hbm]: No animation metadata found for hbm:items/plate_cast-bismuthbronze
[21:38:34] [Client thread/INFO] [hbm]: Loading texture hbm:textures/items/bedrock_ore_primary_rare.png
[21:38:34] [Client thread/WARN] [hbm]: No animation metadata found for hbm:items/bedrock_ore_primary_rare-56
[21:38:34] [Client thread/INFO] [hbm]: Loading texture hbm:textures/items/bedrock_ore_rad_actinide.png
[21:38:34] [Client thread/WARN] [hbm]: No animation metadata found for hbm:items/bedrock_ore_rad_actinide-153
[21:38:34] [Client thread/INFO] [hbm]: Loading texture hbm:textures/items/bedrock_ore_primary_rare.png
[21:38:34] [Client thread/WARN] [hbm]: No animation metadata found for hbm:items/bedrock_ore_primary_rare-62
[21:38:34] [Client thread/INFO] [hbm]: Loading texture hbm:textures/items/bedrock_ore_primary_rare.png
[21:38:34] [Client thread/WARN] [hbm]: No animation metadata found for hbm:items/bedrock_ore_primary_rare-20
[21:38:34] [Client thread/INFO] [hbm]: Loading texture hbm:textures/items/bedrock_ore_rad_actinide.png
[21:38:34] [Client thread/WARN] [hbm]: No animation metadata found for hbm:items/bedrock_ore_rad_actinide-147
[21:38:34] [Client thread/INFO] [hbm]: Loading texture hbm:textures/items/bedrock_ore_primary_rare.png
[21:38:34] [Client thread/WARN] [hbm]: No animation metadata found for hbm:items/bedrock_ore_primary_rare-26
[21:38:34] [Client thread/INFO] [hbm]: Loading texture hbm:textures/items/bedrock_ore_rad_actinide.png
[21:38:34] [Client thread/WARN] [hbm]: No animation metadata found for hbm:items/bedrock_ore_rad_actinide-141
[21:38:34] [Client thread/INFO] [hbm]: Loading texture hbm:textures/items/plate_welded.png
[21:38:34] [Client thread/WARN] [hbm]: No animation metadata found for hbm:items/plate_welded-zirconium
[21:38:34] [Client thread/INFO] [hbm]: Loading texture hbm:textures/items/bedrock_ore_primary_rare.png
[21:38:34] [Client thread/WARN] [hbm]: No animation metadata found for hbm:items/bedrock_ore_primary_rare-32
[21:38:34] [Client thread/INFO] [hbm]: Loading texture hbm:textures/items/bedrock_ore_primary_rare.png
[21:38:34] [Client thread/WARN] [hbm]: No animation metadata found for hbm:items/bedrock_ore_primary_rare-38
[21:38:34] [Client thread/INFO] [hbm]: Loading texture hbm:textures/items/bedrock_ore_rad_actinide.png
[21:38:34] [Client thread/WARN] [hbm]: No animation metadata found for hbm:items/bedrock_ore_rad_actinide-135
[21:38:34] [Client thread/INFO] [hbm]: Loading texture hbm:textures/items/bedrock_ore_primary_nonmetal.png
[21:38:34] [Client thread/WARN] [hbm]: No animation metadata found for hbm:items/bedrock_ore_primary_nonmetal-52
[21:38:34] [Client thread/INFO] [hbm]: Loading texture hbm:textures/items/bedrock_ore_primary_nonmetal.png
[21:38:34] [Client thread/WARN] [hbm]: No animation metadata found for hbm:items/bedrock_ore_primary_nonmetal-58
[21:38:34] [Client thread/INFO] [hbm]: Loading texture hbm:textures/items/plate_cast.png
[21:38:34] [Client thread/WARN] [hbm]: No animation metadata found for hbm:items/plate_cast-starmetal
[21:38:34] [Client thread/INFO] [hbm]: Loading texture hbm:textures/items/bedrock_ore_primary_nonmetal.png
[21:38:34] [Client thread/WARN] [hbm]: No animation metadata found for hbm:items/bedrock_ore_primary_nonmetal-40
[21:38:34] [Client thread/INFO] [hbm]: Loading texture hbm:textures/items/part_receiver_light.png
[21:38:34] [Client thread/WARN] [hbm]: No animation metadata found for hbm:items/part_receiver_light-tcalloy
[21:38:34] [Client thread/INFO] [hbm]: Loading texture hbm:textures/items/bedrock_ore_primary_nonmetal.png
[21:38:34] [Client thread/WARN] [hbm]: No animation metadata found for hbm:items/bedrock_ore_primary_nonmetal-46
[21:38:34] [Client thread/INFO] [hbm]: Loading texture hbm:textures/items/bedrock_ore_solvent_crystal.png
[21:38:34] [Client thread/WARN] [hbm]: No animation metadata found for hbm:items/bedrock_ore_solvent_crystal-113
[21:38:34] [Client thread/INFO] [hbm]: Loading texture hbm:textures/items/bedrock_ore_solvent_crystal.png
[21:38:34] [Client thread/WARN] [hbm]: No animation metadata found for hbm:items/bedrock_ore_solvent_crystal-119
[21:38:34] [Client thread/INFO] [hbm]: Loading texture hbm:textures/items/bedrock_ore_base_crystal.png
[21:38:34] [Client thread/WARN] [hbm]: No animation metadata found for hbm:items/bedrock_ore_base_crystal-5
[21:38:34] [Client thread/INFO] [hbm]: Loading texture hbm:textures/items/part_barrel_heavy.png
[21:38:34] [Client thread/WARN] [hbm]: No animation metadata found for hbm:items/part_barrel_heavy-workersalloy
[21:38:34] [Client thread/INFO] [hbm]: Loading texture hbm:textures/items/bedrock_ore_primary_nonmetal.png
[21:38:34] [Client thread/WARN] [hbm]: No animation metadata found for hbm:items/bedrock_ore_primary_nonmetal-70
[21:38:34] [Client thread/INFO] [hbm]: Loading texture hbm:textures/items/bedrock_ore_primary_nonmetal.png
[21:38:34] [Client thread/WARN] [hbm]: No animation metadata found for hbm:items/bedrock_ore_primary_nonmetal-76
[21:38:34] [Client thread/INFO] [hbm]: Loading texture hbm:textures/items/ingot_raw.png
[21:38:34] [Client thread/WARN] [hbm]: No animation metadata found for hbm:items/ingot_raw-redstone
[21:38:34] [Client thread/INFO] [hbm]: Loading texture hbm:textures/items/bedrock_ore_crumbs_light.png
[21:38:34] [Client thread/WARN] [hbm]: No animation metadata found for hbm:items/bedrock_ore_crumbs_light-78
[21:38:34] [Client thread/INFO] [hbm]: Loading texture hbm:textures/items/bedrock_ore_primary_nonmetal.png
[21:38:34] [Client thread/WARN] [hbm]: No animation metadata found for hbm:items/bedrock_ore_primary_nonmetal-64
[21:38:34] [Client thread/INFO] [hbm]: Loading texture hbm:textures/items/watz_pellet_depleted.png
[21:38:34] [Client thread/WARN] [hbm]: No animation metadata found for hbm:items/watz_pellet_depleted-1
[21:38:34] [Client thread/INFO] [hbm]: Loading texture hbm:textures/items/watz_pellet_depleted.png
[21:38:34] [Client thread/WARN] [hbm]: No animation metadata found for hbm:items/watz_pellet_depleted-0
[21:38:34] [Client thread/INFO] [hbm]: Loading texture hbm:textures/items/watz_pellet_depleted.png
[21:38:34] [Client thread/WARN] [hbm]: No animation metadata found for hbm:items/watz_pellet_depleted-3
[21:38:34] [Client thread/INFO] [hbm]: Loading texture hbm:textures/items/watz_pellet_depleted.png
[21:38:34] [Client thread/WARN] [hbm]: No animation metadata found for hbm:items/watz_pellet_depleted-2
[21:38:34] [Client thread/INFO] [hbm]: Loading texture hbm:textures/items/watz_pellet_depleted.png
[21:38:34] [Client thread/WARN] [hbm]: No animation metadata found for hbm:items/watz_pellet_depleted-5
[21:38:34] [Client thread/INFO] [hbm]: Loading texture hbm:textures/items/watz_pellet_depleted.png
[21:38:34] [Client thread/WARN] [hbm]: No animation metadata found for hbm:items/watz_pellet_depleted-4
[21:38:34] [Client thread/INFO] [hbm]: Loading texture hbm:textures/items/watz_pellet_depleted.png
[21:38:34] [Client thread/WARN] [hbm]: No animation metadata found for hbm:items/watz_pellet_depleted-7
[21:38:34] [Client thread/INFO] [hbm]: Loading texture hbm:textures/items/watz_pellet_depleted.png
[21:38:34] [Client thread/WARN] [hbm]: No animation metadata found for hbm:items/watz_pellet_depleted-6
[21:38:34] [Client thread/INFO] [hbm]: Loading texture hbm:textures/items/watz_pellet_depleted.png
[21:38:34] [Client thread/WARN] [hbm]: No animation metadata found for hbm:items/watz_pellet_depleted-9
[21:38:34] [Client thread/INFO] [hbm]: Loading texture hbm:textures/items/watz_pellet_depleted.png
[21:38:34] [Client thread/WARN] [hbm]: No animation metadata found for hbm:items/watz_pellet_depleted-8
[21:38:34] [Client thread/INFO] [hbm]: Loading texture hbm:textures/items/bedrock_ore_fragment.png
[21:38:34] [Client thread/WARN] [hbm]: No animation metadata found for hbm:items/bedrock_ore_fragment-copper
[21:38:34] [Client thread/INFO] [hbm]: Loading texture hbm:textures/items/scraps.png
[21:38:34] [Client thread/WARN] [hbm]: No animation metadata found for hbm:items/scraps-boron
[21:38:34] [Client thread/INFO] [hbm]: Loading texture hbm:textures/items/plate_cast.png
[21:38:34] [Client thread/WARN] [hbm]: No animation metadata found for hbm:items/plate_cast-osmiridium
[21:38:34] [Client thread/INFO] [hbm]: Loading texture hbm:textures/items/bedrock_ore_primary_nonmetal.png
[21:38:34] [Client thread/WARN] [hbm]: No animation metadata found for hbm:items/bedrock_ore_primary_nonmetal-34
[21:38:34] [Client thread/INFO] [hbm]: Loading texture hbm:textures/items/bedrock_ore_solvent_crystal.png
[21:38:34] [Client thread/WARN] [hbm]: No animation metadata found for hbm:items/bedrock_ore_solvent_crystal-125
[21:38:34] [Client thread/INFO] [hbm]: Loading texture hbm:textures/items/bedrock_ore_primary_nonmetal.png
[21:38:34] [Client thread/WARN] [hbm]: No animation metadata found for hbm:items/bedrock_ore_primary_nonmetal-22
[21:38:34] [Client thread/INFO] [hbm]: Loading texture hbm:textures/items/bedrock_ore_primary_nonmetal.png
[21:38:34] [Client thread/WARN] [hbm]: No animation metadata found for hbm:items/bedrock_ore_primary_nonmetal-28
[21:38:34] [Client thread/INFO] [hbm]: Loading texture hbm:textures/items/bedrock_ore_solvent_crystal.png
[21:38:34] [Client thread/WARN] [hbm]: No animation metadata found for hbm:items/bedrock_ore_solvent_crystal-131
[21:38:34] [Client thread/INFO] [hbm]: Loading texture hbm:textures/items/bolt.png
[21:38:34] [Client thread/WARN] [hbm]: No animation metadata found for hbm:items/bolt-lead
[21:38:34] [Client thread/INFO] [hbm]: Loading texture hbm:textures/items/bedrock_ore_sulfuric_light.png
[21:38:34] [Client thread/WARN] [hbm]: No animation metadata found for hbm:items/bedrock_ore_sulfuric_light-102
[21:38:34] [Client thread/INFO] [hbm]: Loading texture hbm:textures/items/ingot_raw.png
[21:38:34] [Client thread/WARN] [hbm]: No animation metadata found for hbm:items/ingot_raw-borax
[21:38:34] [Client thread/INFO] [hbm]: Loading texture hbm:textures/items/bedrock_ore_fragment.png
[21:38:34] [Client thread/WARN] [hbm]: No animation metadata found for hbm:items/bedrock_ore_fragment-emerald
[21:38:34] [Client thread/INFO] [hbm]: Loading texture hbm:textures/items/plate_cast.png
[21:38:34] [Client thread/WARN] [hbm]: No animation metadata found for hbm:items/plate_cast-durasteel
[21:38:34] [Client thread/INFO] [hbm]: Loading texture hbm:textures/items/part_receiver_heavy.png
[21:38:34] [Client thread/WARN] [hbm]: No animation metadata found for hbm:items/part_receiver_heavy-weaponsteel
[21:38:34] [Client thread/INFO] [hbm]: Loading texture hbm:textures/items/bedrock_ore_solvent_rare.png
[21:38:34] [Client thread/WARN] [hbm]: No animation metadata found for hbm:items/bedrock_ore_solvent_rare-122
[21:38:34] [Client thread/INFO] [hbm]: Loading texture hbm:textures/items/bedrock_ore_solvent_rare.png
[21:38:34] [Client thread/WARN] [hbm]: No animation metadata found for hbm:items/bedrock_ore_solvent_rare-128
[21:38:34] [Client thread/INFO] [hbm]: Loading texture hbm:textures/items/bedrock_ore_solvent_rare.png
[21:38:34] [Client thread/WARN] [hbm]: No animation metadata found for hbm:items/bedrock_ore_solvent_rare-110
[21:38:34] [Client thread/INFO] [hbm]: Loading texture hbm:textures/items/scraps.png
[21:38:34] [Client thread/WARN] [hbm]: No animation metadata found for hbm:items/scraps-uranium
[21:38:34] [Client thread/INFO] [hbm]: Loading texture hbm:textures/items/bedrock_ore_solvent_rare.png
[21:38:34] [Client thread/WARN] [hbm]: No animation metadata found for hbm:items/bedrock_ore_solvent_rare-116
[21:38:34] [Client thread/INFO] [hbm]: Loading texture hbm:textures/items/part_barrel_light.png
[21:38:34] [Client thread/WARN] [hbm]: No animation metadata found for hbm:items/part_barrel_light-workersalloy
[21:38:34] [Client thread/INFO] [hbm]: Loading texture hbm:textures/items/plate_cast.png
[21:38:34] [Client thread/WARN] [hbm]: No animation metadata found for hbm:items/plate_cast-aluminum
[21:38:34] [Client thread/INFO] [hbm]: Loading texture hbm:textures/items/watz_pellet.png
[21:38:34] [Client thread/WARN] [hbm]: No animation metadata found for hbm:items/watz_pellet-9
[21:38:34] [Client thread/INFO] [hbm]: Loading texture hbm:textures/items/watz_pellet.png
[21:38:34] [Client thread/WARN] [hbm]: No animation metadata found for hbm:items/watz_pellet-8
[21:38:34] [Client thread/INFO] [hbm]: Loading texture hbm:textures/items/watz_pellet.png
[21:38:34] [Client thread/WARN] [hbm]: No animation metadata found for hbm:items/watz_pellet-3
[21:38:34] [Client thread/INFO] [hbm]: Loading texture hbm:textures/items/watz_pellet.png
[21:38:34] [Client thread/WARN] [hbm]: No animation metadata found for hbm:items/watz_pellet-2
[21:38:34] [Client thread/INFO] [hbm]: Loading texture hbm:textures/items/watz_pellet.png
[21:38:34] [Client thread/WARN] [hbm]: No animation metadata found for hbm:items/watz_pellet-1
[21:38:34] [Client thread/INFO] [hbm]: Loading texture hbm:textures/items/watz_pellet.png
[21:38:34] [Client thread/WARN] [hbm]: No animation metadata found for hbm:items/watz_pellet-0
[21:38:34] [Client thread/INFO] [hbm]: Loading texture hbm:textures/items/watz_pellet.png
[21:38:34] [Client thread/WARN] [hbm]: No animation metadata found for hbm:items/watz_pellet-7
[21:38:34] [Client thread/INFO] [hbm]: Loading texture hbm:textures/items/watz_pellet.png
[21:38:34] [Client thread/WARN] [hbm]: No animation metadata found for hbm:items/watz_pellet-6
[21:38:34] [Client thread/INFO] [hbm]: Loading texture hbm:textures/items/watz_pellet.png
[21:38:34] [Client thread/WARN] [hbm]: No animation metadata found for hbm:items/watz_pellet-5
[21:38:34] [Client thread/INFO] [hbm]: Loading texture hbm:textures/items/watz_pellet.png
[21:38:34] [Client thread/WARN] [hbm]: No animation metadata found for hbm:items/watz_pellet-4
[21:38:34] [Client thread/INFO] [hbm]: Loading texture hbm:textures/items/bedrock_ore_fragment.png
[21:38:34] [Client thread/WARN] [hbm]: No animation metadata found for hbm:items/bedrock_ore_fragment-titanium
[21:38:34] [Client thread/WARN] [net.minecraft.client.renderer.texture.TextureMap]: Texture hbm:textures/models/machines/rtg_cell_flipped.png with size 84x84 will have visual artifacts at mip level 4, it can only support level 2. Please report to the mod author that the texture should be some multiple of 16x16.
[21:38:34] [Client thread/INFO] [hbm]: Loading texture hbm:textures/items/scraps.png
[21:38:34] [Client thread/WARN] [hbm]: No animation metadata found for hbm:items/scraps-bakelite
[21:38:34] [Client thread/INFO] [hbm]: Loading texture hbm:textures/items/scraps.png
[21:38:34] [Client thread/WARN] [hbm]: No animation metadata found for hbm:items/scraps-arsenic
[21:38:34] [Client thread/INFO] [hbm]: Loading texture hbm:textures/items/bedrock_ore_crumbs_heavy.png
[21:38:34] [Client thread/WARN] [hbm]: No animation metadata found for hbm:items/bedrock_ore_crumbs_heavy-79
[21:38:34] [Client thread/INFO] [hbm]: Loading texture hbm:textures/items/scraps.png
[21:38:34] [Client thread/WARN] [hbm]: No animation metadata found for hbm:items/scraps-iron
[21:38:34] [Client thread/INFO] [hbm]: Loading texture hbm:textures/items/plate_cast.png
[21:38:34] [Client thread/WARN] [hbm]: No animation metadata found for hbm:items/plate_cast-saturnite
[21:38:34] [Client thread/INFO] [hbm]: Loading texture hbm:textures/items/bedrock_ore_fragment.png
[21:38:34] [Client thread/WARN] [hbm]: No animation metadata found for hbm:items/bedrock_ore_fragment-iron
[21:38:34] [Client thread/INFO] [hbm]: Loading texture hbm:textures/items/part_receiver_heavy.png
[21:38:34] [Client thread/WARN] [hbm]: No animation metadata found for hbm:items/part_receiver_heavy-gunmetal
[21:38:34] [Client thread/INFO] [hbm]: Loading texture hbm:textures/items/shell.png
[21:38:34] [Client thread/WARN] [hbm]: No animation metadata found for hbm:items/shell-steel
[21:38:34] [Client thread/INFO] [hbm]: Loading texture hbm:textures/items/scraps.png
[21:38:34] [Client thread/WARN] [hbm]: No animation metadata found for hbm:items/scraps-wroughtiron
[21:38:35] [Client thread/INFO] [net.minecraft.client.renderer.texture.TextureMap]: Created: 4096x2048 textures-atlas
[21:38:35] [Client thread/ERROR] [FML]: MultiModel minecraft:builtin/missing is empty (no base model or parts were provided/resolved)
[21:38:35] [Client thread/ERROR] [FML]: MultiModel minecraft:builtin/missing is empty (no base model or parts were provided/resolved)
[21:38:35] [Client thread/ERROR] [FML]: MultiModel minecraft:builtin/missing is empty (no base model or parts were provided/resolved)
[21:38:35] [Client thread/ERROR] [FML]: MultiModel minecraft:builtin/missing is empty (no base model or parts were provided/resolved)
[21:38:35] [Client thread/ERROR] [FML]: MultiModel minecraft:builtin/missing is empty (no base model or parts were provided/resolved)
[21:38:35] [Client thread/ERROR] [FML]: MultiModel minecraft:builtin/missing is empty (no base model or parts were provided/resolved)
[21:38:37] [Client thread/ERROR] [FML]: Exception loading model for variant extrautils2:miner#active=true,facing=south
net.minecraftforge.client.model.ModelLoaderRegistry$LoaderException: Exception loading model extrautils2:miner#active=true,facing=south with loader VariantLoader.INSTANCE, skipping
	at net.minecraftforge.client.model.ModelLoaderRegistry.getModel(ModelLoaderRegistry.java:161) ~[ModelLoaderRegistry.class:?]
	at net.minecraftforge.client.model.ModelLoader.registerVariant(ModelLoader.java:235) ~[ModelLoader.class:?]
	at net.minecraft.client.renderer.block.model.ModelBakery.loadBlock(ModelBakery.java:153) ~[ModelBakery.class:?]
	at net.minecraftforge.client.model.ModelLoader.loadBlocks(ModelLoader.java:223) ~[ModelLoader.class:?]
	at net.minecraftforge.client.model.ModelLoader.setupModelRegistry(ModelLoader.java:150) ~[ModelLoader.class:?]
	at net.minecraft.client.renderer.block.model.ModelManager.onResourceManagerReload(ModelManager.java:28) [ModelManager.class:?]
	at net.minecraft.client.resources.SimpleReloadableResourceManager.registerReloadListener(SimpleReloadableResourceManager.java:128) [SimpleReloadableResourceManager.class:?]
	at net.minecraft.client.Minecraft.init(Minecraft.java:560) [Minecraft.class:?]
	at net.minecraft.client.Minecraft.run(Minecraft.java:422) [Minecraft.class:?]
	at net.minecraft.client.main.Main.main(Main.java:118) [Main.class:?]
	at sun.reflect.NativeMethodAccessorImpl.invoke0(Native Method) ~[?:1.8.0_492]
	at sun.reflect.NativeMethodAccessorImpl.invoke(NativeMethodAccessorImpl.java:62) ~[?:1.8.0_492]
	at sun.reflect.DelegatingMethodAccessorImpl.invoke(DelegatingMethodAccessorImpl.java:43) ~[?:1.8.0_492]
	at java.lang.reflect.Method.invoke(Method.java:498) ~[?:1.8.0_492]
	at net.minecraft.launchwrapper.Launch.launch(Launch.java:135) [launchwrapper-1.12.jar:?]
	at net.minecraft.launchwrapper.Launch.main(Launch.java:28) [launchwrapper-1.12.jar:?]
	at sun.reflect.NativeMethodAccessorImpl.invoke0(Native Method) ~[?:1.8.0_492]
	at sun.reflect.NativeMethodAccessorImpl.invoke(NativeMethodAccessorImpl.java:62) ~[?:1.8.0_492]
	at sun.reflect.DelegatingMethodAccessorImpl.invoke(DelegatingMethodAccessorImpl.java:43) ~[?:1.8.0_492]
	at java.lang.reflect.Method.invoke(Method.java:498) ~[?:1.8.0_492]
	at net.minecraftforge.gradle.GradleStartCommon.launch(GradleStartCommon.java:87) [mclauncher-1.12.2.jar:?]
	at GradleStart.main(GradleStart.java:19) [mclauncher-1.12.2.jar:?]
Caused by: net.minecraft.client.renderer.block.model.ModelBlockDefinition$MissingVariantException
	at net.minecraft.client.renderer.block.model.ModelBlockDefinition.getVariant(ModelBlockDefinition.java:83) ~[ModelBlockDefinition.class:?]
	at net.minecraftforge.client.model.ModelLoader$VariantLoader.loadModel(ModelLoader.java:1175) ~[ModelLoader$VariantLoader.class:?]
	at net.minecraftforge.client.model.ModelLoaderRegistry.getModel(ModelLoaderRegistry.java:157) ~[ModelLoaderRegistry.class:?]
	... 21 more
[21:38:37] [Client thread/ERROR] [FML]: Exception loading blockstate for the variant extrautils2:miner#active=true,facing=south: 
java.lang.Exception: Could not load model definition for variant extrautils2:miner
	at net.minecraftforge.client.model.ModelLoader.getModelBlockDefinition(ModelLoader.java:269) ~[ModelLoader.class:?]
	at net.minecraft.client.renderer.block.model.ModelBakery.loadBlock(ModelBakery.java:121) ~[ModelBakery.class:?]
	at net.minecraftforge.client.model.ModelLoader.loadBlocks(ModelLoader.java:223) ~[ModelLoader.class:?]
	at net.minecraftforge.client.model.ModelLoader.setupModelRegistry(ModelLoader.java:150) ~[ModelLoader.class:?]
	at net.minecraft.client.renderer.block.model.ModelManager.onResourceManagerReload(ModelManager.java:28) [ModelManager.class:?]
	at net.minecraft.client.resources.SimpleReloadableResourceManager.registerReloadListener(SimpleReloadableResourceManager.java:128) [SimpleReloadableResourceManager.class:?]
	at net.minecraft.client.Minecraft.init(Minecraft.java:560) [Minecraft.class:?]
	at net.minecraft.client.Minecraft.run(Minecraft.java:422) [Minecraft.class:?]
	at net.minecraft.client.main.Main.main(Main.java:118) [Main.class:?]
	at sun.reflect.NativeMethodAccessorImpl.invoke0(Native Method) ~[?:1.8.0_492]
	at sun.reflect.NativeMethodAccessorImpl.invoke(NativeMethodAccessorImpl.java:62) ~[?:1.8.0_492]
	at sun.reflect.DelegatingMethodAccessorImpl.invoke(DelegatingMethodAccessorImpl.java:43) ~[?:1.8.0_492]
	at java.lang.reflect.Method.invoke(Method.java:498) ~[?:1.8.0_492]
	at net.minecraft.launchwrapper.Launch.launch(Launch.java:135) [launchwrapper-1.12.jar:?]
	at net.minecraft.launchwrapper.Launch.main(Launch.java:28) [launchwrapper-1.12.jar:?]
	at sun.reflect.NativeMethodAccessorImpl.invoke0(Native Method) ~[?:1.8.0_492]
	at sun.reflect.NativeMethodAccessorImpl.invoke(NativeMethodAccessorImpl.java:62) ~[?:1.8.0_492]
	at sun.reflect.DelegatingMethodAccessorImpl.invoke(DelegatingMethodAccessorImpl.java:43) ~[?:1.8.0_492]
	at java.lang.reflect.Method.invoke(Method.java:498) ~[?:1.8.0_492]
	at net.minecraftforge.gradle.GradleStartCommon.launch(GradleStartCommon.java:87) [mclauncher-1.12.2.jar:?]
	at GradleStart.main(GradleStart.java:19) [mclauncher-1.12.2.jar:?]
Caused by: java.lang.RuntimeException: Encountered an exception when loading model definition of model extrautils2:blockstates/miner.json
	at net.minecraft.client.renderer.block.model.ModelBakery.loadMultipartMBD(ModelBakery.java:228) ~[ModelBakery.class:?]
	at net.minecraft.client.renderer.block.model.ModelBakery.getModelBlockDefinition(ModelBakery.java:208) ~[ModelBakery.class:?]
	at net.minecraftforge.client.model.ModelLoader.getModelBlockDefinition(ModelLoader.java:265) ~[ModelLoader.class:?]
	... 20 more
Caused by: java.io.FileNotFoundException: extrautils2:blockstates/miner.json
	at net.minecraft.client.resources.FallbackResourceManager.getAllResources(FallbackResourceManager.java:104) ~[FallbackResourceManager.class:?]
	at net.minecraft.client.resources.SimpleReloadableResourceManager.getAllResources(SimpleReloadableResourceManager.java:79) ~[SimpleReloadableResourceManager.class:?]
	at net.minecraft.client.renderer.block.model.ModelBakery.loadMultipartMBD(ModelBakery.java:221) ~[ModelBakery.class:?]
	at net.minecraft.client.renderer.block.model.ModelBakery.getModelBlockDefinition(ModelBakery.java:208) ~[ModelBakery.class:?]
	at net.minecraftforge.client.model.ModelLoader.getModelBlockDefinition(ModelLoader.java:265) ~[ModelLoader.class:?]
	... 20 more
[21:38:37] [Client thread/ERROR] [FML]: Exception loading model for variant extrautils2:miner#active=true,facing=north
net.minecraftforge.client.model.ModelLoaderRegistry$LoaderException: Exception loading model extrautils2:miner#active=true,facing=north with loader VariantLoader.INSTANCE, skipping
	at net.minecraftforge.client.model.ModelLoaderRegistry.getModel(ModelLoaderRegistry.java:161) ~[ModelLoaderRegistry.class:?]
	at net.minecraftforge.client.model.ModelLoader.registerVariant(ModelLoader.java:235) ~[ModelLoader.class:?]
	at net.minecraft.client.renderer.block.model.ModelBakery.loadBlock(ModelBakery.java:153) ~[ModelBakery.class:?]
	at net.minecraftforge.client.model.ModelLoader.loadBlocks(ModelLoader.java:223) ~[ModelLoader.class:?]
	at net.minecraftforge.client.model.ModelLoader.setupModelRegistry(ModelLoader.java:150) ~[ModelLoader.class:?]
	at net.minecraft.client.renderer.block.model.ModelManager.onResourceManagerReload(ModelManager.java:28) [ModelManager.class:?]
	at net.minecraft.client.resources.SimpleReloadableResourceManager.registerReloadListener(SimpleReloadableResourceManager.java:128) [SimpleReloadableResourceManager.class:?]
	at net.minecraft.client.Minecraft.init(Minecraft.java:560) [Minecraft.class:?]
	at net.minecraft.client.Minecraft.run(Minecraft.java:422) [Minecraft.class:?]
	at net.minecraft.client.main.Main.main(Main.java:118) [Main.class:?]
	at sun.reflect.NativeMethodAccessorImpl.invoke0(Native Method) ~[?:1.8.0_492]
	at sun.reflect.NativeMethodAccessorImpl.invoke(NativeMethodAccessorImpl.java:62) ~[?:1.8.0_492]
	at sun.reflect.DelegatingMethodAccessorImpl.invoke(DelegatingMethodAccessorImpl.java:43) ~[?:1.8.0_492]
	at java.lang.reflect.Method.invoke(Method.java:498) ~[?:1.8.0_492]
	at net.minecraft.launchwrapper.Launch.launch(Launch.java:135) [launchwrapper-1.12.jar:?]
	at net.minecraft.launchwrapper.Launch.main(Launch.java:28) [launchwrapper-1.12.jar:?]
	at sun.reflect.NativeMethodAccessorImpl.invoke0(Native Method) ~[?:1.8.0_492]
	at sun.reflect.NativeMethodAccessorImpl.invoke(NativeMethodAccessorImpl.java:62) ~[?:1.8.0_492]
	at sun.reflect.DelegatingMethodAccessorImpl.invoke(DelegatingMethodAccessorImpl.java:43) ~[?:1.8.0_492]
	at java.lang.reflect.Method.invoke(Method.java:498) ~[?:1.8.0_492]
	at net.minecraftforge.gradle.GradleStartCommon.launch(GradleStartCommon.java:87) [mclauncher-1.12.2.jar:?]
	at GradleStart.main(GradleStart.java:19) [mclauncher-1.12.2.jar:?]
Caused by: net.minecraft.client.renderer.block.model.ModelBlockDefinition$MissingVariantException
	at net.minecraft.client.renderer.block.model.ModelBlockDefinition.getVariant(ModelBlockDefinition.java:83) ~[ModelBlockDefinition.class:?]
	at net.minecraftforge.client.model.ModelLoader$VariantLoader.loadModel(ModelLoader.java:1175) ~[ModelLoader$VariantLoader.class:?]
	at net.minecraftforge.client.model.ModelLoaderRegistry.getModel(ModelLoaderRegistry.java:157) ~[ModelLoaderRegistry.class:?]
	... 21 more
[21:38:37] [Client thread/ERROR] [FML]: Exception loading model for variant extrautils2:user#active=false,facing=down
net.minecraftforge.client.model.ModelLoaderRegistry$LoaderException: Exception loading model extrautils2:user#active=false,facing=down with loader VariantLoader.INSTANCE, skipping
	at net.minecraftforge.client.model.ModelLoaderRegistry.getModel(ModelLoaderRegistry.java:161) ~[ModelLoaderRegistry.class:?]
	at net.minecraftforge.client.model.ModelLoader.registerVariant(ModelLoader.java:235) ~[ModelLoader.class:?]
	at net.minecraft.client.renderer.block.model.ModelBakery.loadBlock(ModelBakery.java:153) ~[ModelBakery.class:?]
	at net.minecraftforge.client.model.ModelLoader.loadBlocks(ModelLoader.java:223) ~[ModelLoader.class:?]
	at net.minecraftforge.client.model.ModelLoader.setupModelRegistry(ModelLoader.java:150) ~[ModelLoader.class:?]
	at net.minecraft.client.renderer.block.model.ModelManager.onResourceManagerReload(ModelManager.java:28) [ModelManager.class:?]
	at net.minecraft.client.resources.SimpleReloadableResourceManager.registerReloadListener(SimpleReloadableResourceManager.java:128) [SimpleReloadableResourceManager.class:?]
	at net.minecraft.client.Minecraft.init(Minecraft.java:560) [Minecraft.class:?]
	at net.minecraft.client.Minecraft.run(Minecraft.java:422) [Minecraft.class:?]
	at net.minecraft.client.main.Main.main(Main.java:118) [Main.class:?]
	at sun.reflect.NativeMethodAccessorImpl.invoke0(Native Method) ~[?:1.8.0_492]
	at sun.reflect.NativeMethodAccessorImpl.invoke(NativeMethodAccessorImpl.java:62) ~[?:1.8.0_492]
	at sun.reflect.DelegatingMethodAccessorImpl.invoke(DelegatingMethodAccessorImpl.java:43) ~[?:1.8.0_492]
	at java.lang.reflect.Method.invoke(Method.java:498) ~[?:1.8.0_492]
	at net.minecraft.launchwrapper.Launch.launch(Launch.java:135) [launchwrapper-1.12.jar:?]
	at net.minecraft.launchwrapper.Launch.main(Launch.java:28) [launchwrapper-1.12.jar:?]
	at sun.reflect.NativeMethodAccessorImpl.invoke0(Native Method) ~[?:1.8.0_492]
	at sun.reflect.NativeMethodAccessorImpl.invoke(NativeMethodAccessorImpl.java:62) ~[?:1.8.0_492]
	at sun.reflect.DelegatingMethodAccessorImpl.invoke(DelegatingMethodAccessorImpl.java:43) ~[?:1.8.0_492]
	at java.lang.reflect.Method.invoke(Method.java:498) ~[?:1.8.0_492]
	at net.minecraftforge.gradle.GradleStartCommon.launch(GradleStartCommon.java:87) [mclauncher-1.12.2.jar:?]
	at GradleStart.main(GradleStart.java:19) [mclauncher-1.12.2.jar:?]
Caused by: net.minecraft.client.renderer.block.model.ModelBlockDefinition$MissingVariantException
	at net.minecraft.client.renderer.block.model.ModelBlockDefinition.getVariant(ModelBlockDefinition.java:83) ~[ModelBlockDefinition.class:?]
	at net.minecraftforge.client.model.ModelLoader$VariantLoader.loadModel(ModelLoader.java:1175) ~[ModelLoader$VariantLoader.class:?]
	at net.minecraftforge.client.model.ModelLoaderRegistry.getModel(ModelLoaderRegistry.java:157) ~[ModelLoaderRegistry.class:?]
	... 21 more
[21:38:37] [Client thread/ERROR] [FML]: Exception loading blockstate for the variant extrautils2:user#active=false,facing=down: 
java.lang.Exception: Could not load model definition for variant extrautils2:user
	at net.minecraftforge.client.model.ModelLoader.getModelBlockDefinition(ModelLoader.java:269) ~[ModelLoader.class:?]
	at net.minecraft.client.renderer.block.model.ModelBakery.loadBlock(ModelBakery.java:121) ~[ModelBakery.class:?]
	at net.minecraftforge.client.model.ModelLoader.loadBlocks(ModelLoader.java:223) ~[ModelLoader.class:?]
	at net.minecraftforge.client.model.ModelLoader.setupModelRegistry(ModelLoader.java:150) ~[ModelLoader.class:?]
	at net.minecraft.client.renderer.block.model.ModelManager.onResourceManagerReload(ModelManager.java:28) [ModelManager.class:?]
	at net.minecraft.client.resources.SimpleReloadableResourceManager.registerReloadListener(SimpleReloadableResourceManager.java:128) [SimpleReloadableResourceManager.class:?]
	at net.minecraft.client.Minecraft.init(Minecraft.java:560) [Minecraft.class:?]
	at net.minecraft.client.Minecraft.run(Minecraft.java:422) [Minecraft.class:?]
	at net.minecraft.client.main.Main.main(Main.java:118) [Main.class:?]
	at sun.reflect.NativeMethodAccessorImpl.invoke0(Native Method) ~[?:1.8.0_492]
	at sun.reflect.NativeMethodAccessorImpl.invoke(NativeMethodAccessorImpl.java:62) ~[?:1.8.0_492]
	at sun.reflect.DelegatingMethodAccessorImpl.invoke(DelegatingMethodAccessorImpl.java:43) ~[?:1.8.0_492]
	at java.lang.reflect.Method.invoke(Method.java:498) ~[?:1.8.0_492]
	at net.minecraft.launchwrapper.Launch.launch(Launch.java:135) [launchwrapper-1.12.jar:?]
	at net.minecraft.launchwrapper.Launch.main(Launch.java:28) [launchwrapper-1.12.jar:?]
	at sun.reflect.NativeMethodAccessorImpl.invoke0(Native Method) ~[?:1.8.0_492]
	at sun.reflect.NativeMethodAccessorImpl.invoke(NativeMethodAccessorImpl.java:62) ~[?:1.8.0_492]
	at sun.reflect.DelegatingMethodAccessorImpl.invoke(DelegatingMethodAccessorImpl.java:43) ~[?:1.8.0_492]
	at java.lang.reflect.Method.invoke(Method.java:498) ~[?:1.8.0_492]
	at net.minecraftforge.gradle.GradleStartCommon.launch(GradleStartCommon.java:87) [mclauncher-1.12.2.jar:?]
	at GradleStart.main(GradleStart.java:19) [mclauncher-1.12.2.jar:?]
Caused by: java.lang.RuntimeException: Encountered an exception when loading model definition of model extrautils2:blockstates/user.json
	at net.minecraft.client.renderer.block.model.ModelBakery.loadMultipartMBD(ModelBakery.java:228) ~[ModelBakery.class:?]
	at net.minecraft.client.renderer.block.model.ModelBakery.getModelBlockDefinition(ModelBakery.java:208) ~[ModelBakery.class:?]
	at net.minecraftforge.client.model.ModelLoader.getModelBlockDefinition(ModelLoader.java:265) ~[ModelLoader.class:?]
	... 20 more
Caused by: java.io.FileNotFoundException: extrautils2:blockstates/user.json
	at net.minecraft.client.resources.FallbackResourceManager.getAllResources(FallbackResourceManager.java:104) ~[FallbackResourceManager.class:?]
	at net.minecraft.client.resources.SimpleReloadableResourceManager.getAllResources(SimpleReloadableResourceManager.java:79) ~[SimpleReloadableResourceManager.class:?]
	at net.minecraft.client.renderer.block.model.ModelBakery.loadMultipartMBD(ModelBakery.java:221) ~[ModelBakery.class:?]
	at net.minecraft.client.renderer.block.model.ModelBakery.getModelBlockDefinition(ModelBakery.java:208) ~[ModelBakery.class:?]
	at net.minecraftforge.client.model.ModelLoader.getModelBlockDefinition(ModelLoader.java:265) ~[ModelLoader.class:?]
	... 20 more
[21:38:37] [Client thread/ERROR] [FML]: Exception loading model for variant extrautils2:user#active=false,facing=east
net.minecraftforge.client.model.ModelLoaderRegistry$LoaderException: Exception loading model extrautils2:user#active=false,facing=east with loader VariantLoader.INSTANCE, skipping
	at net.minecraftforge.client.model.ModelLoaderRegistry.getModel(ModelLoaderRegistry.java:161) ~[ModelLoaderRegistry.class:?]
	at net.minecraftforge.client.model.ModelLoader.registerVariant(ModelLoader.java:235) ~[ModelLoader.class:?]
	at net.minecraft.client.renderer.block.model.ModelBakery.loadBlock(ModelBakery.java:153) ~[ModelBakery.class:?]
	at net.minecraftforge.client.model.ModelLoader.loadBlocks(ModelLoader.java:223) ~[ModelLoader.class:?]
	at net.minecraftforge.client.model.ModelLoader.setupModelRegistry(ModelLoader.java:150) ~[ModelLoader.class:?]
	at net.minecraft.client.renderer.block.model.ModelManager.onResourceManagerReload(ModelManager.java:28) [ModelManager.class:?]
	at net.minecraft.client.resources.SimpleReloadableResourceManager.registerReloadListener(SimpleReloadableResourceManager.java:128) [SimpleReloadableResourceManager.class:?]
	at net.minecraft.client.Minecraft.init(Minecraft.java:560) [Minecraft.class:?]
	at net.minecraft.client.Minecraft.run(Minecraft.java:422) [Minecraft.class:?]
	at net.minecraft.client.main.Main.main(Main.java:118) [Main.class:?]
	at sun.reflect.NativeMethodAccessorImpl.invoke0(Native Method) ~[?:1.8.0_492]
	at sun.reflect.NativeMethodAccessorImpl.invoke(NativeMethodAccessorImpl.java:62) ~[?:1.8.0_492]
	at sun.reflect.DelegatingMethodAccessorImpl.invoke(DelegatingMethodAccessorImpl.java:43) ~[?:1.8.0_492]
	at java.lang.reflect.Method.invoke(Method.java:498) ~[?:1.8.0_492]
	at net.minecraft.launchwrapper.Launch.launch(Launch.java:135) [launchwrapper-1.12.jar:?]
	at net.minecraft.launchwrapper.Launch.main(Launch.java:28) [launchwrapper-1.12.jar:?]
	at sun.reflect.NativeMethodAccessorImpl.invoke0(Native Method) ~[?:1.8.0_492]
	at sun.reflect.NativeMethodAccessorImpl.invoke(NativeMethodAccessorImpl.java:62) ~[?:1.8.0_492]
	at sun.reflect.DelegatingMethodAccessorImpl.invoke(DelegatingMethodAccessorImpl.java:43) ~[?:1.8.0_492]
	at java.lang.reflect.Method.invoke(Method.java:498) ~[?:1.8.0_492]
	at net.minecraftforge.gradle.GradleStartCommon.launch(GradleStartCommon.java:87) [mclauncher-1.12.2.jar:?]
	at GradleStart.main(GradleStart.java:19) [mclauncher-1.12.2.jar:?]
Caused by: net.minecraft.client.renderer.block.model.ModelBlockDefinition$MissingVariantException
	at net.minecraft.client.renderer.block.model.ModelBlockDefinition.getVariant(ModelBlockDefinition.java:83) ~[ModelBlockDefinition.class:?]
	at net.minecraftforge.client.model.ModelLoader$VariantLoader.loadModel(ModelLoader.java:1175) ~[ModelLoader$VariantLoader.class:?]
	at net.minecraftforge.client.model.ModelLoaderRegistry.getModel(ModelLoaderRegistry.java:157) ~[ModelLoaderRegistry.class:?]
	... 21 more
[21:38:37] [Client thread/FATAL] [FML]: Suppressed additional 97 model loading errors for domain extrautils2
[21:38:39] [Client thread/INFO] [STDOUT]: [com.hbm.main.ModEventHandler:craftingRegister:1529]: Memory usage before: 1693374840
[21:38:39] [Client thread/INFO] [STDOUT]: [com.hbm.main.ModEventHandler:craftingRegister:1539]: Memory usage after: 2041610320
[21:38:39] [Client thread/INFO] [FML]: Applying holder lookups
[21:38:39] [Client thread/INFO] [FML]: Holder lookups applied
[21:38:39] [Client thread/INFO] [Tickrate Changer]: Updating server tickrate to 20.0
[21:38:39] [Client thread/INFO] [Tickrate Changer]: Updating client tickrate to 20.0
[21:38:39] [Client thread/INFO] [jei]: Created: 256x128 textures-atlas
[21:38:39] [Client thread/INFO] [hbm]: [QMAW] Reloading manual...
[21:38:39] [Client thread/INFO] [hbm]: [QMAW] Found manual concepts/fluidid.json
[21:38:39] [Client thread/INFO] [hbm]: [QMAW] Found manual fluids/antimatter.json
[21:38:39] [Client thread/INFO] [hbm]: [QMAW] Found manual fluids/aromatic_hydrocarbons.json
[21:38:39] [Client thread/INFO] [hbm]: [QMAW] Found manual fluids/bitumen.json
[21:38:39] [Client thread/INFO] [hbm]: [QMAW] Found manual fluids/chlorine_gas.json
[21:38:39] [Client thread/INFO] [hbm]: [QMAW] Found manual fluids/cracked_diesel.json
[21:38:39] [Client thread/INFO] [hbm]: [QMAW] Found manual fluids/cracked_light_oil.json
[21:38:39] [Client thread/INFO] [hbm]: [QMAW] Found manual fluids/cracked_naphtha.json
[21:38:39] [Client thread/INFO] [hbm]: [QMAW] Found manual fluids/cracked_oil.json
[21:38:39] [Client thread/INFO] [hbm]: [QMAW] Found manual fluids/crude_oil.json
[21:38:39] [Client thread/INFO] [hbm]: [QMAW] Found manual fluids/diesel.json
[21:38:39] [Client thread/INFO] [hbm]: [QMAW] Found manual fluids/engine_lubricant.json
[21:38:39] [Client thread/INFO] [hbm]: [QMAW] Found manual fluids/gasoline.json
[21:38:39] [Client thread/INFO] [hbm]: [QMAW] Found manual fluids/heating_oil.json
[21:38:39] [Client thread/INFO] [hbm]: [QMAW] Found manual fluids/heavy_oil.json
[21:38:39] [Client thread/INFO] [hbm]: [QMAW] Found manual fluids/high_cetane_cracked_diesel.json
[21:38:39] [Client thread/INFO] [hbm]: [QMAW] Found manual fluids/high_cetane_diesel.json
[21:38:39] [Client thread/INFO] [hbm]: [QMAW] Found manual fluids/high_performance_solvent.json
[21:38:39] [Client thread/INFO] [hbm]: [QMAW] Found manual fluids/industrial_oil.json
[21:38:39] [Client thread/INFO] [hbm]: [QMAW] Found manual fluids/kerosene.json
[21:38:39] [Client thread/INFO] [hbm]: [QMAW] Found manual fluids/leaded_petroil.json
[21:38:39] [Client thread/INFO] [hbm]: [QMAW] Found manual fluids/light_oil.json
[21:38:39] [Client thread/INFO] [hbm]: [QMAW] Found manual fluids/naphtha.json
[21:38:39] [Client thread/INFO] [hbm]: [QMAW] Found manual fluids/petroil.json
[21:38:39] [Client thread/INFO] [hbm]: [QMAW] Found manual fluids/petroleum_gas.json
[21:38:39] [Client thread/INFO] [hbm]: [QMAW] Found manual fluids/reclaimed_industrial_oil.json
[21:38:39] [Client thread/INFO] [hbm]: [QMAW] Found manual fluids/reformate.json
[21:38:39] [Client thread/INFO] [hbm]: [QMAW] Found manual fluids/reformate_gas.json
[21:38:39] [Client thread/INFO] [hbm]: [QMAW] Found manual fluids/solvent.json
[21:38:39] [Client thread/INFO] [hbm]: [QMAW] Found manual fluids/template_oil1.json
[21:38:39] [Client thread/INFO] [hbm]: [QMAW] Found manual fluids/template_oil2.json
[21:38:39] [Client thread/INFO] [hbm]: [QMAW] Found manual fluids/template_oil3.json
[21:38:39] [Client thread/INFO] [hbm]: [QMAW] Found manual fluids/unsaturated_hydrocarbons.json
[21:38:39] [Client thread/INFO] [hbm]: [QMAW] Found manual fusion/boiler.json
[21:38:39] [Client thread/INFO] [hbm]: [QMAW] Found manual fusion/breeder.json
[21:38:39] [Client thread/INFO] [hbm]: [QMAW] Found manual fusion/collector.json
[21:38:39] [Client thread/INFO] [hbm]: [QMAW] Found manual fusion/coupler.json
[21:38:39] [Client thread/INFO] [hbm]: [QMAW] Found manual fusion/fusionreactor.json
[21:38:39] [Client thread/INFO] [hbm]: [QMAW] Found manual fusion/klystron.json
[21:38:39] [Client thread/INFO] [hbm]: [QMAW] Found manual fusion/mhdt.json
[21:38:39] [Client thread/INFO] [hbm]: [QMAW] Found manual fusion/template_fusion.json
[21:38:39] [Client thread/INFO] [hbm]: [QMAW] Found manual fusion/torus.json
[21:38:39] [Client thread/INFO] [hbm]: [QMAW] Found manual guide/oil.json
[21:38:39] [Client thread/INFO] [hbm]: [QMAW] Found manual guide/oil1.json
[21:38:39] [Client thread/INFO] [hbm]: [QMAW] Found manual guide/oil2.json
[21:38:39] [Client thread/INFO] [hbm]: [QMAW] Found manual guide/oil3.json
[21:38:39] [Client thread/INFO] [hbm]: [QMAW] Found manual guide/template_oilproc.json
[21:38:39] [Client thread/INFO] [hbm]: [QMAW] Found manual machine/acidizer.json
[21:38:39] [Client thread/INFO] [hbm]: [QMAW] Found manual machine/anvil.json
[21:38:39] [Client thread/INFO] [hbm]: [QMAW] Found manual machine/arc_welder.json
[21:38:39] [Client thread/INFO] [hbm]: [QMAW] Found manual machine/ashpit.json
[21:38:39] [Client thread/INFO] [hbm]: [QMAW] Found manual machine/assembler.json
[21:38:39] [Client thread/INFO] [hbm]: [QMAW] Found manual machine/autosaw.json
[21:38:39] [Client thread/INFO] [hbm]: [QMAW] Found manual machine/blastfurnace.json
[21:38:39] [Client thread/INFO] [hbm]: [QMAW] Found manual machine/boiler.json
[21:38:39] [Client thread/INFO] [hbm]: [QMAW] Found manual machine/centrifuge.json
[21:38:39] [Client thread/INFO] [hbm]: [QMAW] Found manual machine/chemplant.json
[21:38:39] [Client thread/INFO] [hbm]: [QMAW] Found manual machine/coker.json
[21:38:39] [Client thread/INFO] [hbm]: [QMAW] Found manual machine/comboven.json
[21:38:39] [Client thread/INFO] [hbm]: [QMAW] Found manual machine/compressor.json
[21:38:39] [Client thread/INFO] [hbm]: [QMAW] Found manual machine/condenser.json
[21:38:39] [Client thread/INFO] [hbm]: [QMAW] Found manual machine/crackingtower.json
[21:38:39] [Client thread/INFO] [hbm]: [QMAW] Found manual machine/derrick.json
[21:38:39] [Client thread/INFO] [hbm]: [QMAW] Found manual machine/dieselgen.json
[21:38:39] [Client thread/INFO] [hbm]: [QMAW] Found manual machine/electricheater.json
[21:38:39] [Client thread/INFO] [hbm]: [QMAW] Found manual machine/firebox.json
[21:38:39] [Client thread/INFO] [hbm]: [QMAW] Found manual machine/fracker.json
[21:38:39] [Client thread/INFO] [hbm]: [QMAW] Found manual machine/fractioning.json
[21:38:39] [Client thread/INFO] [hbm]: [QMAW] Found manual machine/heatexchanger.json
[21:38:39] [Client thread/INFO] [hbm]: [QMAW] Found manual machine/heatingoven.json
[21:38:39] [Client thread/INFO] [hbm]: [QMAW] Found manual machine/heatsource.json
[21:38:39] [Client thread/INFO] [hbm]: [QMAW] Found manual machine/ice.json
[21:38:39] [Client thread/INFO] [hbm]: [QMAW] Found manual machine/mixer.json
[21:38:39] [Client thread/INFO] [hbm]: [QMAW] Found manual machine/oilburner.json
[21:38:39] [Client thread/INFO] [hbm]: [QMAW] Found manual machine/press.json
[21:38:39] [Client thread/INFO] [hbm]: [QMAW] Found manual machine/pumpjack.json
[21:38:39] [Client thread/INFO] [hbm]: [QMAW] Found manual machine/pyrooven.json
[21:38:39] [Client thread/INFO] [hbm]: [QMAW] Found manual machine/refinery.json
[21:38:39] [Client thread/INFO] [hbm]: [QMAW] Found manual machine/rotaryfurnace.json
[21:38:39] [Client thread/INFO] [hbm]: [QMAW] Found manual machine/shredder.json
[21:38:39] [Client thread/INFO] [hbm]: [QMAW] Found manual machine/solarboiler.json
[21:38:39] [Client thread/INFO] [hbm]: [QMAW] Found manual machine/steamengine.json
[21:38:39] [Client thread/INFO] [hbm]: [QMAW] Found manual machine/steelfurnace.json
[21:38:39] [Client thread/INFO] [hbm]: [QMAW] Found manual machine/stirling.json
[21:38:39] [Client thread/INFO] [hbm]: [QMAW] Found manual machine/thresher.json
[21:38:39] [Client thread/INFO] [hbm]: [QMAW] Found manual machine/turbofan.json
[21:38:39] [Client thread/INFO] [hbm]: [QMAW] Found manual machine/woodburner.json
[21:38:39] [Client thread/INFO] [hbm]: [QMAW] Found manual material/aluminium.json
[21:38:39] [Client thread/INFO] [hbm]: [QMAW] Found manual material/arsenic.json
[21:38:39] [Client thread/INFO] [hbm]: [QMAW] Found manual material/arsenic_bronze.json
[21:38:39] [Client thread/INFO] [hbm]: [QMAW] Found manual material/bakelite.json
[21:38:39] [Client thread/INFO] [hbm]: [QMAW] Found manual material/bismuth.json
[21:38:39] [Client thread/INFO] [hbm]: [QMAW] Found manual material/bismuth_bronze.json
[21:38:39] [Client thread/INFO] [hbm]: [QMAW] Found manual material/borax.json
[21:38:39] [Client thread/INFO] [hbm]: [QMAW] Found manual material/boron.json
[21:38:39] [Client thread/INFO] [hbm]: [QMAW] Found manual material/bscco.json
[21:38:39] [Client thread/INFO] [hbm]: [QMAW] Found manual material/cadmium.json
[21:38:39] [Client thread/INFO] [hbm]: [QMAW] Found manual material/cadmium_steel.json
[21:38:39] [Client thread/INFO] [hbm]: [QMAW] Found manual material/cft.json
[21:38:39] [Client thread/INFO] [hbm]: [QMAW] Found manual material/cinnabar.json
[21:38:39] [Client thread/INFO] [hbm]: [QMAW] Found manual material/cobalt.json
[21:38:39] [Client thread/INFO] [hbm]: [QMAW] Found manual material/coke.json
[21:38:39] [Client thread/INFO] [hbm]: [QMAW] Found manual material/copper.json
[21:38:39] [Client thread/INFO] [hbm]: [QMAW] Found manual material/densewire.json
[21:38:39] [Client thread/INFO] [hbm]: [QMAW] Found manual material/desh.json
[21:38:39] [Client thread/INFO] [hbm]: [QMAW] Found manual material/etcoal.json
[21:38:39] [Client thread/INFO] [hbm]: [QMAW] Found manual material/ferrouranium.json
[21:38:39] [Client thread/INFO] [hbm]: [QMAW] Found manual material/graphite.json
[21:38:39] [Client thread/INFO] [hbm]: [QMAW] Found manual material/gunmetal.json
[21:38:39] [Client thread/INFO] [hbm]: [QMAW] Found manual material/hss.json
[21:38:39] [Client thread/INFO] [hbm]: [QMAW] Found manual material/latex.json
[21:38:39] [Client thread/INFO] [hbm]: [QMAW] Found manual material/lead.json
[21:38:39] [Client thread/INFO] [hbm]: [QMAW] Found manual material/mingrade.json
[21:38:39] [Client thread/INFO] [hbm]: [QMAW] Found manual material/neptunium.json
[21:38:39] [Client thread/INFO] [hbm]: [QMAW] Found manual material/plutonium-238.json
[21:38:39] [Client thread/INFO] [hbm]: [QMAW] Found manual material/plutonium-239.json
[21:38:39] [Client thread/INFO] [hbm]: [QMAW] Found manual material/plutonium-240.json
[21:38:39] [Client thread/INFO] [hbm]: [QMAW] Found manual material/plutonium-241.json
[21:38:39] [Client thread/INFO] [hbm]: [QMAW] Found manual material/plutonium-rg.json
[21:38:39] [Client thread/INFO] [hbm]: [QMAW] Found manual material/plutonium.json
[21:38:39] [Client thread/INFO] [hbm]: [QMAW] Found manual material/polonium.json
[21:38:39] [Client thread/INFO] [hbm]: [QMAW] Found manual material/polymer.json
[21:38:39] [Client thread/INFO] [hbm]: [QMAW] Found manual material/radium.json
[21:38:39] [Client thread/INFO] [hbm]: [QMAW] Found manual material/rareearth.json
[21:38:39] [Client thread/INFO] [hbm]: [QMAW] Found manual material/rubber.json
[21:38:39] [Client thread/INFO] [hbm]: [QMAW] Found manual material/silicon.json
[21:38:39] [Client thread/INFO] [hbm]: [QMAW] Found manual material/sodium.json
[21:38:39] [Client thread/INFO] [hbm]: [QMAW] Found manual material/solidfuel.json
[21:38:39] [Client thread/INFO] [hbm]: [QMAW] Found manual material/steel.json
[21:38:39] [Client thread/INFO] [hbm]: [QMAW] Found manual material/sulfur.json
[21:38:39] [Client thread/INFO] [hbm]: [QMAW] Found manual material/tantalium.json
[21:38:39] [Client thread/INFO] [hbm]: [QMAW] Found manual material/technetium.json
[21:38:39] [Client thread/INFO] [hbm]: [QMAW] Found manual material/technetium_steel.json
[21:38:39] [Client thread/INFO] [hbm]: [QMAW] Found manual material/thorium.json
[21:38:39] [Client thread/INFO] [hbm]: [QMAW] Found manual material/uranium-233.json
[21:38:39] [Client thread/INFO] [hbm]: [QMAW] Found manual material/uranium-235.json
[21:38:39] [Client thread/INFO] [hbm]: [QMAW] Found manual material/uranium-238.json
[21:38:39] [Client thread/INFO] [hbm]: [QMAW] Found manual material/uranium.json
[21:38:39] [Client thread/INFO] [hbm]: [QMAW] Found manual material/weaponsteel.json
[21:38:39] [Client thread/INFO] [hbm]: [QMAW] Found manual pa/beamline.json
[21:38:39] [Client thread/INFO] [hbm]: [QMAW] Found manual pa/coil.json
[21:38:39] [Client thread/INFO] [hbm]: [QMAW] Found manual pa/detector.json
[21:38:39] [Client thread/INFO] [hbm]: [QMAW] Found manual pa/dipole.json
[21:38:39] [Client thread/INFO] [hbm]: [QMAW] Found manual pa/particleaccelerator.json
[21:38:39] [Client thread/INFO] [hbm]: [QMAW] Found manual pa/pastepbystep.json
[21:38:39] [Client thread/INFO] [hbm]: [QMAW] Found manual pa/quadrupole.json
[21:38:39] [Client thread/INFO] [hbm]: [QMAW] Found manual pa/rfc.json
[21:38:39] [Client thread/INFO] [hbm]: [QMAW] Found manual pa/source.json
[21:38:39] [Client thread/INFO] [hbm]: [QMAW] Found manual pile/pile.json
[21:38:39] [Client thread/INFO] [hbm]: [QMAW] Found manual pile/pilecontrol.json
[21:38:39] [Client thread/INFO] [hbm]: [QMAW] Found manual pile/pileloader.json
[21:38:39] [Client thread/INFO] [hbm]: [QMAW] Found manual pile/pileop.json
[21:38:39] [Client thread/INFO] [hbm]: [QMAW] Found manual pile/pilevent.json
[21:38:39] [Client thread/INFO] [hbm]: [QMAW] Found manual rbmk/absorber.json
[21:38:39] [Client thread/INFO] [hbm]: [QMAW] Found manual rbmk/autoloader.json
[21:38:39] [Client thread/INFO] [hbm]: [QMAW] Found manual rbmk/blank.json
[21:38:39] [Client thread/INFO] [hbm]: [QMAW] Found manual rbmk/boiler.json
[21:38:39] [Client thread/INFO] [hbm]: [QMAW] Found manual rbmk/console.json
[21:38:39] [Client thread/INFO] [hbm]: [QMAW] Found manual rbmk/controlauto.json
[21:38:39] [Client thread/INFO] [hbm]: [QMAW] Found manual rbmk/controlrod.json
[21:38:39] [Client thread/INFO] [hbm]: [QMAW] Found manual rbmk/cooler.json
[21:38:39] [Client thread/INFO] [hbm]: [QMAW] Found manual rbmk/crane.json
[21:38:39] [Client thread/INFO] [hbm]: [QMAW] Found manual rbmk/heater.json
[21:38:39] [Client thread/INFO] [hbm]: [QMAW] Found manual rbmk/loader.json
[21:38:39] [Client thread/INFO] [hbm]: [QMAW] Found manual rbmk/moderator.json
[21:38:39] [Client thread/INFO] [hbm]: [QMAW] Found manual rbmk/reflector.json
[21:38:39] [Client thread/INFO] [hbm]: [QMAW] Found manual rbmk/rod.json
[21:38:39] [Client thread/INFO] [hbm]: [QMAW] Found manual rbmk/storage.json
[21:38:39] [Client thread/INFO] [hbm]: [QMAW] Found manual ror/panelbutton.json
[21:38:39] [Client thread/INFO] [hbm]: [QMAW] Found manual ror/panelgauge.json
[21:38:39] [Client thread/INFO] [hbm]: [QMAW] Found manual ror/panelgraph.json
[21:38:39] [Client thread/INFO] [hbm]: [QMAW] Found manual ror/panelindicator.json
[21:38:39] [Client thread/INFO] [hbm]: [QMAW] Found manual ror/panellever.json
[21:38:39] [Client thread/INFO] [hbm]: [QMAW] Found manual ror/panelnumitron.json
[21:38:39] [Client thread/INFO] [hbm]: [QMAW] Found manual ror/panelterminal.json
[21:38:39] [Client thread/INFO] [hbm]: [QMAW] Found manual ror/redstoneoverradio.json
[21:38:39] [Client thread/INFO] [hbm]: [QMAW] Found manual ror/rorcontroller.json
[21:38:39] [Client thread/INFO] [hbm]: [QMAW] Found manual ror/rorcounter.json
[21:38:39] [Client thread/INFO] [hbm]: [QMAW] Found manual ror/rorlogic.json
[21:38:39] [Client thread/INFO] [hbm]: [QMAW] Found manual ror/rorreader.json
[21:38:39] [Client thread/INFO] [hbm]: [QMAW] Found manual ror/rorreceiver.json
[21:38:39] [Client thread/INFO] [hbm]: [QMAW] Found manual ror/rortransmitter.json
[21:38:39] [Client thread/INFO] [hbm]: [QMAW] Found manual ror/template_panels.json
[21:38:39] [Client thread/INFO] [hbm]: [QMAW] Found manual satellite/asteroidminer.json
[21:38:39] [Client thread/INFO] [hbm]: [QMAW] Found manual satellite/detector.json
[21:38:39] [Client thread/INFO] [hbm]: [QMAW] Found manual satellite/lunarminer.json
[21:38:39] [Client thread/INFO] [hbm]: [QMAW] Found manual satellite/orbitaldeathray.json
[21:38:39] [Client thread/INFO] [hbm]: [QMAW] Found manual satellite/orbitallaser.json
[21:38:39] [Client thread/INFO] [hbm]: [QMAW] Found manual satellite/radarsat.json
[21:38:39] [Client thread/INFO] [hbm]: [QMAW] Found manual satellite/rayscanner.json
[21:38:39] [Client thread/INFO] [hbm]: [QMAW] Found manual satellite/relaysat.json
[21:38:39] [Client thread/INFO] [hbm]: [QMAW] Found manual satellite/satellite.json
[21:38:39] [Client thread/INFO] [hbm]: [QMAW] Found manual satellite/satlink.json
[21:38:39] [Client thread/INFO] [hbm]: [QMAW] Found manual satellite/scansat.json
[21:38:39] [Client thread/INFO] [hbm]: [QMAW] Found manual satellite/science.json
[21:38:39] [Client thread/INFO] [hbm]: [QMAW] Found manual satellite/spysat.json
[21:38:39] [Client thread/INFO] [hbm]: [QMAW] Found manual satellite/template_satellites.json
[21:38:39] [Client thread/INFO] [hbm]: [QMAW] Found manual satellite/template_satoverview.json
[21:38:39] [Client thread/INFO] [hbm]: [QMAW] Found manual satellite/xenrelay.json
[21:38:39] [Client thread/INFO] [hbm]: [QMAW] Found manual weapon/ap.json
[21:38:39] [Client thread/INFO] [hbm]: [QMAW] Found manual weapon/buckshot.json
[21:38:39] [Client thread/INFO] [hbm]: [QMAW] Found manual weapon/buckshotmagnum.json
[21:38:39] [Client thread/INFO] [hbm]: [QMAW] Found manual weapon/buckshotsharpnel.json
[21:38:39] [Client thread/INFO] [hbm]: [QMAW] Found manual weapon/demo.json
[21:38:39] [Client thread/INFO] [hbm]: [QMAW] Found manual weapon/du.json
[21:38:39] [Client thread/INFO] [hbm]: [QMAW] Found manual weapon/express.json
[21:38:39] [Client thread/INFO] [hbm]: [QMAW] Found manual weapon/flechettes.json
[21:38:39] [Client thread/INFO] [hbm]: [QMAW] Found manual weapon/fmj.json
[21:38:39] [Client thread/INFO] [hbm]: [QMAW] Found manual weapon/grenade.json
[21:38:39] [Client thread/INFO] [hbm]: [QMAW] Found manual weapon/he.json
[21:38:39] [Client thread/INFO] [hbm]: [QMAW] Found manual weapon/heat.json
[21:38:39] [Client thread/INFO] [hbm]: [QMAW] Found manual weapon/incendiary.json
[21:38:39] [Client thread/INFO] [hbm]: [QMAW] Found manual weapon/jhp.json
[21:38:39] [Client thread/INFO] [hbm]: [QMAW] Found manual weapon/muke.json
[21:38:39] [Client thread/INFO] [hbm]: [QMAW] Found manual weapon/powder.json
[21:38:39] [Client thread/INFO] [hbm]: [QMAW] Found manual weapon/slug.json
[21:38:39] [Client thread/INFO] [hbm]: [QMAW] Found manual weapon/softpoint.json
[21:38:39] [Client thread/INFO] [hbm]: [QMAW] Found manual weapon/star.json
[21:38:39] [Client thread/INFO] [hbm]: [QMAW] Found manual weapon/template_bullet.json
[21:38:39] [Client thread/INFO] [hbm]: [QMAW] Found manual weapon/template_explosives.json
[21:38:39] [Client thread/INFO] [hbm]: [QMAW] Found manual weapon/template_shotshell.json
[21:38:39] [Client thread/INFO] [hbm]: [QMAW] Found manual weapon/wp.json
[21:38:39] [Client thread/INFO] [hbm]: [QMAW] Loaded 222 manual entries! (43ms)
[21:38:40] [Client thread/INFO] [hbm]: OreDict: Re-registration for ingotTcAlloy to ingotAnyResistantAlloy
[21:38:40] [Client thread/INFO] [hbm]: OreDict: Re-registration for dustTcAlloy to dustAnyResistantAlloy
[21:38:40] [Client thread/INFO] [hbm]: OreDict: Re-registration for blockTcAlloy to blockAnyResistantAlloy
[21:38:40] [Client thread/INFO] [hbm]: OreDict: Re-registration for ingotCdAlloy to ingotAnyResistantAlloy
[21:38:40] [Client thread/INFO] [hbm]: OreDict: Re-registration for blockCdAlloy to blockAnyResistantAlloy
[21:38:40] [Client thread/INFO] [hbm]: OreDict: Re-registration for ingotBismuthBronze to ingotAnyBismoidBronze
[21:38:40] [Client thread/INFO] [hbm]: OreDict: Re-registration for ingotArsenicBronze to ingotAnyBismoidBronze
[21:38:40] [Client thread/INFO] [hbm]: OreDict: Re-registration for nuggetBismuth to nuggetAnyBismoid
[21:38:40] [Client thread/INFO] [hbm]: OreDict: Re-registration for ingotBismuth to ingotAnyBismoid
[21:38:40] [Client thread/INFO] [hbm]: OreDict: Re-registration for blockBismuth to blockAnyBismoid
[21:38:40] [Client thread/INFO] [hbm]: OreDict: Re-registration for nuggetArsenic to nuggetAnyBismoid
[21:38:40] [Client thread/INFO] [hbm]: OreDict: Re-registration for ingotArsenic to ingotAnyBismoid
[21:38:40] [Client thread/INFO] [hbm]: OreDict: Re-registration for ingotPolymer to ingotAnyPlastic
[21:38:40] [Client thread/INFO] [hbm]: OreDict: Re-registration for dustPolymer to dustAnyPlastic
[21:38:40] [Client thread/INFO] [hbm]: OreDict: Re-registration for blockPolymer to blockAnyPlastic
[21:38:40] [Client thread/INFO] [hbm]: OreDict: Re-registration for ingotBakelite to ingotAnyPlastic
[21:38:40] [Client thread/INFO] [hbm]: OreDict: Re-registration for dustBakelite to dustAnyPlastic
[21:38:40] [Client thread/INFO] [hbm]: OreDict: Re-registration for blockBakelite to blockAnyPlastic
[21:38:40] [Client thread/INFO] [hbm]: OreDict: Re-registration for ingotLatex to ingotAnyRubber
[21:38:40] [Client thread/INFO] [hbm]: OreDict: Re-registration for ingotRubber to ingotAnyRubber
[21:38:40] [Client thread/INFO] [hbm]: OreDict: Re-registration for ingotPolycarbonate to ingotAnyHardPlastic
[21:38:40] [Client thread/INFO] [hbm]: OreDict: Re-registration for ingotPVC to ingotAnyHardPlastic
[21:38:40] [Client thread/INFO] [hbm]: OreDict: Re-registration for oiltar to unknownTar
[21:38:40] [Client thread/INFO] [hbm]: OreDict: Re-registration for cracktar to unknownTar
[21:38:40] [Client thread/INFO] [hbm]: OreDict: Re-registration for coaltar to unknownTar
[21:38:40] [Client thread/INFO] [hbm]: OreDict: Re-registration for woodtar to unknownTar
[21:38:40] [Client thread/INFO] [hbm]: OreDict: Re-registration for plateTripleTcAlloy to plateTripleAnyResistantAlloy
[21:38:40] [Client thread/INFO] [hbm]: OreDict: Re-registration for plateSextupleTcAlloy to plateSextupleAnyResistantAlloy
[21:38:40] [Client thread/INFO] [hbm]: OreDict: Re-registration for barrelLightTcAlloy to barrelLightAnyResistantAlloy
[21:38:40] [Client thread/INFO] [hbm]: OreDict: Re-registration for barrelHeavyTcAlloy to barrelHeavyAnyResistantAlloy
[21:38:40] [Client thread/INFO] [hbm]: OreDict: Re-registration for receiverLightTcAlloy to receiverLightAnyResistantAlloy
[21:38:40] [Client thread/INFO] [hbm]: OreDict: Re-registration for receiverHeavyTcAlloy to receiverHeavyAnyResistantAlloy
[21:38:40] [Client thread/INFO] [hbm]: OreDict: Re-registration for plateTripleCdAlloy to plateTripleAnyResistantAlloy
[21:38:40] [Client thread/INFO] [hbm]: OreDict: Re-registration for plateSextupleCdAlloy to plateSextupleAnyResistantAlloy
[21:38:40] [Client thread/INFO] [hbm]: OreDict: Re-registration for barrelLightCdAlloy to barrelLightAnyResistantAlloy
[21:38:40] [Client thread/INFO] [hbm]: OreDict: Re-registration for barrelHeavyCdAlloy to barrelHeavyAnyResistantAlloy
[21:38:40] [Client thread/INFO] [hbm]: OreDict: Re-registration for receiverLightCdAlloy to receiverLightAnyResistantAlloy
[21:38:40] [Client thread/INFO] [hbm]: OreDict: Re-registration for receiverHeavyCdAlloy to receiverHeavyAnyResistantAlloy
[21:38:40] [Client thread/INFO] [hbm]: OreDict: Re-registration for plateTripleBismuthBronze to plateTripleAnyBismoidBronze
[21:38:40] [Client thread/INFO] [hbm]: OreDict: Re-registration for barrelLightBismuthBronze to barrelLightAnyBismoidBronze
[21:38:40] [Client thread/INFO] [hbm]: OreDict: Re-registration for receiverLightBismuthBronze to receiverLightAnyBismoidBronze
[21:38:40] [Client thread/INFO] [hbm]: OreDict: Re-registration for receiverHeavyBismuthBronze to receiverHeavyAnyBismoidBronze
[21:38:40] [Client thread/INFO] [hbm]: OreDict: Re-registration for plateTripleArsenicBronze to plateTripleAnyBismoidBronze
[21:38:40] [Client thread/INFO] [hbm]: OreDict: Re-registration for barrelLightArsenicBronze to barrelLightAnyBismoidBronze
[21:38:40] [Client thread/INFO] [hbm]: OreDict: Re-registration for receiverLightArsenicBronze to receiverLightAnyBismoidBronze
[21:38:40] [Client thread/INFO] [hbm]: OreDict: Re-registration for receiverHeavyArsenicBronze to receiverHeavyAnyBismoidBronze
[21:38:40] [Client thread/INFO] [hbm]: OreDict: Re-registration for stockPolymer to stockAnyPlastic
[21:38:40] [Client thread/INFO] [hbm]: OreDict: Re-registration for gripPolymer to gripAnyPlastic
[21:38:40] [Client thread/INFO] [hbm]: OreDict: Re-registration for stockBakelite to stockAnyPlastic
[21:38:40] [Client thread/INFO] [hbm]: OreDict: Re-registration for gripBakelite to gripAnyPlastic
[21:38:40] [Client thread/INFO] [hbm]: OreDict: Re-registration for stockPolycarbonate to stockAnyHardPlastic
[21:38:40] [Client thread/INFO] [hbm]: OreDict: Re-registration for gripPolycarbonate to gripAnyHardPlastic
[21:38:40] [Client thread/INFO] [hbm]: OreDict: Re-registration for stockPVC to stockAnyHardPlastic
[21:38:40] [Client thread/INFO] [hbm]: OreDict: Re-registration for gripPVC to gripAnyHardPlastic
[21:38:40] [Client thread/INFO] [hbm]: [NTM Fluid<=>ForgeFluid Compat] Forge Fluid texture not found for: AIR. Using default tinted
[21:38:40] [Client thread/INFO] [hbm]: [NTM Fluid<=>ForgeFluid Compat] Forge Fluid texture not found for: AIRBLAST. Using default tinted
[21:38:40] [Client thread/INFO] [hbm]: [NTM Fluid<=>ForgeFluid Compat] Found ForgeFluid for: WATER. Skipping registration...
[21:38:40] [Client thread/INFO] [hbm]: [NTM Fluid<=>ForgeFluid Compat] Forge Fluid texture not found for: HEAVYWATER. Using default tinted
[21:38:40] [Client thread/INFO] [hbm]: [NTM Fluid<=>ForgeFluid Compat] Forge Fluid texture not found for: HEAVYWATER_HOT. Using default tinted
[21:38:40] [Client thread/INFO] [hbm]: [NTM Fluid<=>ForgeFluid Compat] Found ForgeFluid for: LAVA. Skipping registration...
[21:38:40] [Client thread/INFO] [hbm]: [NTM Fluid<=>ForgeFluid Compat] Forge Fluid texture not found for: STEAM. Using default tinted
[21:38:40] [Client thread/INFO] [hbm]: [NTM Fluid<=>ForgeFluid Compat] Forge Fluid texture not found for: HOTSTEAM. Using default tinted
[21:38:40] [Client thread/INFO] [hbm]: [NTM Fluid<=>ForgeFluid Compat] Forge Fluid texture not found for: SUPERHOTSTEAM. Using default tinted
[21:38:40] [Client thread/INFO] [hbm]: [NTM Fluid<=>ForgeFluid Compat] Forge Fluid texture not found for: ULTRAHOTSTEAM. Using default tinted
[21:38:40] [Client thread/INFO] [hbm]: [NTM Fluid<=>ForgeFluid Compat] Forge Fluid texture not found for: SPENTSTEAM. Using default tinted
[21:38:40] [Client thread/INFO] [hbm]: [NTM Fluid<=>ForgeFluid Compat] Forge Fluid texture not found for: CARBONDIOXIDE. Using default tinted
[21:38:40] [Client thread/INFO] [hbm]: [NTM Fluid<=>ForgeFluid Compat] Forge Fluid texture not found for: COOLANT. Using default tinted
[21:38:40] [Client thread/INFO] [hbm]: [NTM Fluid<=>ForgeFluid Compat] Forge Fluid texture not found for: COOLANT_HOT. Using default tinted
[21:38:40] [Client thread/INFO] [hbm]: [NTM Fluid<=>ForgeFluid Compat] Forge Fluid texture not found for: PERFLUOROMETHYL. Using default tinted
[21:38:40] [Client thread/INFO] [hbm]: [NTM Fluid<=>ForgeFluid Compat] Forge Fluid texture not found for: PERFLUOROMETHYL_COLD. Using default tinted
[21:38:40] [Client thread/INFO] [hbm]: [NTM Fluid<=>ForgeFluid Compat] Forge Fluid texture not found for: PERFLUOROMETHYL_HOT. Using default tinted
[21:38:40] [Client thread/INFO] [hbm]: [NTM Fluid<=>ForgeFluid Compat] Forge Fluid texture not found for: CRYOGEL. Using default tinted
[21:38:40] [Client thread/INFO] [hbm]: [NTM Fluid<=>ForgeFluid Compat] Forge Fluid texture not found for: MUG. Using default tinted
[21:38:40] [Client thread/INFO] [hbm]: [NTM Fluid<=>ForgeFluid Compat] Forge Fluid texture not found for: MUG_HOT. Using default tinted
[21:38:40] [Client thread/INFO] [hbm]: [NTM Fluid<=>ForgeFluid Compat] Forge Fluid texture not found for: BLOOD. Using default tinted
[21:38:40] [Client thread/INFO] [hbm]: [NTM Fluid<=>ForgeFluid Compat] Forge Fluid texture not found for: BLOOD_HOT. Using default tinted
[21:38:40] [Client thread/INFO] [hbm]: [NTM Fluid<=>ForgeFluid Compat] Forge Fluid texture not found for: SODIUM. Using default tinted
[21:38:40] [Client thread/INFO] [hbm]: [NTM Fluid<=>ForgeFluid Compat] Forge Fluid texture not found for: SODIUM_HOT. Using default tinted
[21:38:40] [Client thread/INFO] [hbm]: [NTM Fluid<=>ForgeFluid Compat] Forge Fluid texture not found for: LEAD. Using default tinted
[21:38:40] [Client thread/INFO] [hbm]: [NTM Fluid<=>ForgeFluid Compat] Forge Fluid texture not found for: LEAD_HOT. Using default tinted
[21:38:40] [Client thread/INFO] [hbm]: [NTM Fluid<=>ForgeFluid Compat] Forge Fluid texture not found for: THORIUM_SALT. Using default tinted
[21:38:40] [Client thread/INFO] [hbm]: [NTM Fluid<=>ForgeFluid Compat] Forge Fluid texture not found for: THORIUM_SALT_HOT. Using default tinted
[21:38:40] [Client thread/INFO] [hbm]: [NTM Fluid<=>ForgeFluid Compat] Forge Fluid texture not found for: THORIUM_SALT_DEPLETED. Using default tinted
[21:38:40] [Client thread/INFO] [hbm]: [NTM Fluid<=>ForgeFluid Compat] Forge Fluid texture not found for: HYDROGEN. Using default tinted
[21:38:40] [Client thread/INFO] [hbm]: [NTM Fluid<=>ForgeFluid Compat] Forge Fluid texture not found for: DEUTERIUM. Using default tinted
[21:38:40] [Client thread/INFO] [hbm]: [NTM Fluid<=>ForgeFluid Compat] Forge Fluid texture not found for: TRITIUM. Using default tinted
[21:38:40] [Client thread/INFO] [hbm]: [NTM Fluid<=>ForgeFluid Compat] Forge Fluid texture not found for: HELIUM3. Using default tinted
[21:38:40] [Client thread/INFO] [hbm]: [NTM Fluid<=>ForgeFluid Compat] Forge Fluid texture not found for: HELIUM4. Using default tinted
[21:38:40] [Client thread/INFO] [hbm]: [NTM Fluid<=>ForgeFluid Compat] Forge Fluid texture not found for: OXYGEN. Using default tinted
[21:38:40] [Client thread/INFO] [hbm]: [NTM Fluid<=>ForgeFluid Compat] Forge Fluid texture not found for: XENON. Using default tinted
[21:38:40] [Client thread/INFO] [hbm]: [NTM Fluid<=>ForgeFluid Compat] Forge Fluid texture not found for: CHLORINE. Using default tinted
[21:38:40] [Client thread/INFO] [hbm]: [NTM Fluid<=>ForgeFluid Compat] Forge Fluid texture not found for: MERCURY. Using default tinted
[21:38:40] [Client thread/INFO] [hbm]: [NTM Fluid<=>ForgeFluid Compat] Forge Fluid texture not found for: OIL. Using default tinted
[21:38:40] [Client thread/INFO] [hbm]: [NTM Fluid<=>ForgeFluid Compat] Forge Fluid texture not found for: OIL_DS. Using default tinted
[21:38:40] [Client thread/INFO] [hbm]: [NTM Fluid<=>ForgeFluid Compat] Forge Fluid texture not found for: CRACKOIL. Using default tinted
[21:38:40] [Client thread/INFO] [hbm]: [NTM Fluid<=>ForgeFluid Compat] Forge Fluid texture not found for: CRACKOIL_DS. Using default tinted
[21:38:40] [Client thread/INFO] [hbm]: [NTM Fluid<=>ForgeFluid Compat] Forge Fluid texture not found for: COALOIL. Using default tinted
[21:38:40] [Client thread/INFO] [hbm]: [NTM Fluid<=>ForgeFluid Compat] Forge Fluid texture not found for: OIL_COKER. Using default tinted
[21:38:40] [Client thread/INFO] [hbm]: [NTM Fluid<=>ForgeFluid Compat] Forge Fluid texture not found for: HOTOIL. Using default tinted
[21:38:40] [Client thread/INFO] [hbm]: [NTM Fluid<=>ForgeFluid Compat] Forge Fluid texture not found for: HOTOIL_DS. Using default tinted
[21:38:40] [Client thread/INFO] [hbm]: [NTM Fluid<=>ForgeFluid Compat] Forge Fluid texture not found for: HOTCRACKOIL. Using default tinted
[21:38:40] [Client thread/INFO] [hbm]: [NTM Fluid<=>ForgeFluid Compat] Forge Fluid texture not found for: HOTCRACKOIL_DS. Using default tinted
[21:38:40] [Client thread/INFO] [hbm]: [NTM Fluid<=>ForgeFluid Compat] Forge Fluid texture not found for: HEAVYOIL. Using default tinted
[21:38:40] [Client thread/INFO] [hbm]: [NTM Fluid<=>ForgeFluid Compat] Forge Fluid texture not found for: HEAVYOIL_VACUUM. Using default tinted
[21:38:40] [Client thread/INFO] [hbm]: [NTM Fluid<=>ForgeFluid Compat] Forge Fluid texture not found for: NAPHTHA. Using default tinted
[21:38:40] [Client thread/INFO] [hbm]: [NTM Fluid<=>ForgeFluid Compat] Forge Fluid texture not found for: NAPHTHA_DS. Using default tinted
[21:38:40] [Client thread/INFO] [hbm]: [NTM Fluid<=>ForgeFluid Compat] Forge Fluid texture not found for: NAPHTHA_CRACK. Using default tinted
[21:38:40] [Client thread/INFO] [hbm]: [NTM Fluid<=>ForgeFluid Compat] Forge Fluid texture not found for: NAPHTHA_COKER. Using default tinted
[21:38:40] [Client thread/INFO] [hbm]: [NTM Fluid<=>ForgeFluid Compat] Forge Fluid texture not found for: REFORMATE. Using default tinted
[21:38:40] [Client thread/INFO] [hbm]: [NTM Fluid<=>ForgeFluid Compat] Forge Fluid texture not found for: LIGHTOIL. Using default tinted
[21:38:40] [Client thread/INFO] [hbm]: [NTM Fluid<=>ForgeFluid Compat] Forge Fluid texture not found for: LIGHTOIL_DS. Using default tinted
[21:38:40] [Client thread/INFO] [hbm]: [NTM Fluid<=>ForgeFluid Compat] Forge Fluid texture not found for: LIGHTOIL_CRACK. Using default tinted
[21:38:40] [Client thread/INFO] [hbm]: [NTM Fluid<=>ForgeFluid Compat] Forge Fluid texture not found for: LIGHTOIL_VACUUM. Using default tinted
[21:38:40] [Client thread/INFO] [hbm]: [NTM Fluid<=>ForgeFluid Compat] Forge Fluid texture not found for: BITUMEN. Using default tinted
[21:38:40] [Client thread/INFO] [hbm]: [NTM Fluid<=>ForgeFluid Compat] Forge Fluid texture not found for: SMEAR. Using default tinted
[21:38:40] [Client thread/INFO] [hbm]: [NTM Fluid<=>ForgeFluid Compat] Forge Fluid texture not found for: HEATINGOIL. Using default tinted
[21:38:40] [Client thread/INFO] [hbm]: [NTM Fluid<=>ForgeFluid Compat] Forge Fluid texture not found for: HEATINGOIL_VACUUM. Using default tinted
[21:38:40] [Client thread/INFO] [hbm]: [NTM Fluid<=>ForgeFluid Compat] Forge Fluid texture not found for: RECLAIMED. Using default tinted
[21:38:40] [Client thread/INFO] [hbm]: [NTM Fluid<=>ForgeFluid Compat] Forge Fluid texture not found for: LUBRICANT. Using default tinted
[21:38:40] [Client thread/INFO] [hbm]: [NTM Fluid<=>ForgeFluid Compat] Forge Fluid texture not found for: FLUE. Using default tinted
[21:38:40] [Client thread/INFO] [hbm]: [NTM Fluid<=>ForgeFluid Compat] Forge Fluid texture not found for: GAS. Using default tinted
[21:38:40] [Client thread/INFO] [hbm]: [NTM Fluid<=>ForgeFluid Compat] Forge Fluid texture not found for: GAS_COKER. Using default tinted
[21:38:40] [Client thread/INFO] [hbm]: [NTM Fluid<=>ForgeFluid Compat] Forge Fluid texture not found for: PETROLEUM. Using default tinted
[21:38:40] [Client thread/INFO] [hbm]: [NTM Fluid<=>ForgeFluid Compat] Forge Fluid texture not found for: SOURGAS. Using default tinted
[21:38:40] [Client thread/INFO] [hbm]: [NTM Fluid<=>ForgeFluid Compat] Forge Fluid texture not found for: LPG. Using default tinted
[21:38:40] [Client thread/INFO] [hbm]: [NTM Fluid<=>ForgeFluid Compat] Forge Fluid texture not found for: SYNGAS. Using default tinted
[21:38:40] [Client thread/INFO] [hbm]: [NTM Fluid<=>ForgeFluid Compat] Forge Fluid texture not found for: OXYHYDROGEN. Using default tinted
[21:38:40] [Client thread/INFO] [hbm]: [NTM Fluid<=>ForgeFluid Compat] Forge Fluid texture not found for: AROMATICS. Using default tinted
[21:38:40] [Client thread/INFO] [hbm]: [NTM Fluid<=>ForgeFluid Compat] Forge Fluid texture not found for: UNSATURATEDS. Using default tinted
[21:38:40] [Client thread/INFO] [hbm]: [NTM Fluid<=>ForgeFluid Compat] Forge Fluid texture not found for: XYLENE. Using default tinted
[21:38:40] [Client thread/INFO] [hbm]: [NTM Fluid<=>ForgeFluid Compat] Forge Fluid texture not found for: REFORMGAS. Using default tinted
[21:38:40] [Client thread/INFO] [hbm]: [NTM Fluid<=>ForgeFluid Compat] Forge Fluid texture not found for: DIESEL. Using default tinted
[21:38:40] [Client thread/INFO] [hbm]: [NTM Fluid<=>ForgeFluid Compat] Forge Fluid texture not found for: DIESEL_REFORM. Using default tinted
[21:38:40] [Client thread/INFO] [hbm]: [NTM Fluid<=>ForgeFluid Compat] Forge Fluid texture not found for: DIESEL_CRACK. Using default tinted
[21:38:40] [Client thread/INFO] [hbm]: [NTM Fluid<=>ForgeFluid Compat] Forge Fluid texture not found for: DIESEL_CRACK_REFORM. Using default tinted
[21:38:40] [Client thread/INFO] [hbm]: [NTM Fluid<=>ForgeFluid Compat] Forge Fluid texture not found for: KEROSENE. Using default tinted
[21:38:40] [Client thread/INFO] [hbm]: [NTM Fluid<=>ForgeFluid Compat] Forge Fluid texture not found for: KEROSENE_REFORM. Using default tinted
[21:38:40] [Client thread/INFO] [hbm]: [NTM Fluid<=>ForgeFluid Compat] Forge Fluid texture not found for: PETROIL. Using default tinted
[21:38:40] [Client thread/INFO] [hbm]: [NTM Fluid<=>ForgeFluid Compat] Forge Fluid texture not found for: PETROIL_LEADED. Using default tinted
[21:38:40] [Client thread/INFO] [hbm]: [NTM Fluid<=>ForgeFluid Compat] Forge Fluid texture not found for: GASOLINE. Using default tinted
[21:38:40] [Client thread/INFO] [hbm]: [NTM Fluid<=>ForgeFluid Compat] Forge Fluid texture not found for: GASOLINE_LEADED. Using default tinted
[21:38:40] [Client thread/INFO] [hbm]: [NTM Fluid<=>ForgeFluid Compat] Forge Fluid texture not found for: COALGAS. Using default tinted
[21:38:40] [Client thread/INFO] [hbm]: [NTM Fluid<=>ForgeFluid Compat] Forge Fluid texture not found for: COALGAS_LEADED. Using default tinted
[21:38:40] [Client thread/INFO] [hbm]: [NTM Fluid<=>ForgeFluid Compat] Forge Fluid texture not found for: COALCREOSOTE. Using default tinted
[21:38:40] [Client thread/INFO] [hbm]: [NTM Fluid<=>ForgeFluid Compat] Forge Fluid texture not found for: WOODOIL. Using default tinted
[21:38:40] [Client thread/INFO] [hbm]: [NTM Fluid<=>ForgeFluid Compat] Forge Fluid texture not found for: BIOGAS. Using default tinted
[21:38:40] [Client thread/INFO] [hbm]: [NTM Fluid<=>ForgeFluid Compat] Forge Fluid texture not found for: BIOFUEL. Using default tinted
[21:38:40] [Client thread/INFO] [hbm]: [NTM Fluid<=>ForgeFluid Compat] Forge Fluid texture not found for: ETHANOL. Using default tinted
[21:38:40] [Client thread/INFO] [hbm]: [NTM Fluid<=>ForgeFluid Compat] Forge Fluid texture not found for: FISHOIL. Using default tinted
[21:38:40] [Client thread/INFO] [hbm]: [NTM Fluid<=>ForgeFluid Compat] Forge Fluid texture not found for: SUNFLOWEROIL. Using default tinted
[21:38:40] [Client thread/INFO] [hbm]: [NTM Fluid<=>ForgeFluid Compat] Forge Fluid texture not found for: NITAN. Using default tinted
[21:38:40] [Client thread/INFO] [hbm]: [NTM Fluid<=>ForgeFluid Compat] Forge Fluid texture not found for: DHC. Using default tinted
[21:38:40] [Client thread/INFO] [hbm]: [NTM Fluid<=>ForgeFluid Compat] Forge Fluid texture not found for: BALEFIRE. Using default tinted
[21:38:40] [Client thread/INFO] [hbm]: [NTM Fluid<=>ForgeFluid Compat] Forge Fluid texture not found for: SALIENT. Using default tinted
[21:38:40] [Client thread/INFO] [hbm]: [NTM Fluid<=>ForgeFluid Compat] Forge Fluid texture not found for: SEEDSLURRY. Using default tinted
[21:38:40] [Client thread/INFO] [hbm]: [NTM Fluid<=>ForgeFluid Compat] Forge Fluid texture not found for: COLLOID. Using default tinted
[21:38:40] [Client thread/INFO] [hbm]: [NTM Fluid<=>ForgeFluid Compat] Forge Fluid texture not found for: VITRIOL. Using default tinted
[21:38:40] [Client thread/INFO] [hbm]: [NTM Fluid<=>ForgeFluid Compat] Forge Fluid texture not found for: SLOP. Using default tinted
[21:38:40] [Client thread/INFO] [hbm]: [NTM Fluid<=>ForgeFluid Compat] Forge Fluid texture not found for: IONGEL. Using default tinted
[21:38:40] [Client thread/INFO] [hbm]: [NTM Fluid<=>ForgeFluid Compat] Forge Fluid texture not found for: PEROXIDE. Using default tinted
[21:38:40] [Client thread/INFO] [hbm]: [NTM Fluid<=>ForgeFluid Compat] Found ForgeFluid for: SULFURIC_ACID. Skipping registration...
[21:38:40] [Client thread/INFO] [hbm]: [NTM Fluid<=>ForgeFluid Compat] Forge Fluid texture not found for: NITRIC_ACID. Using default tinted
[21:38:40] [Client thread/INFO] [hbm]: [NTM Fluid<=>ForgeFluid Compat] Forge Fluid texture not found for: SOLVENT. Using default tinted
[21:38:40] [Client thread/INFO] [hbm]: [NTM Fluid<=>ForgeFluid Compat] Forge Fluid texture not found for: RADIOSOLVENT. Using default tinted
[21:38:40] [Client thread/INFO] [hbm]: [NTM Fluid<=>ForgeFluid Compat] Forge Fluid texture not found for: SCHRABIDIC. Using default tinted
[21:38:40] [Client thread/INFO] [hbm]: [NTM Fluid<=>ForgeFluid Compat] Forge Fluid texture not found for: UF6. Using default tinted
[21:38:40] [Client thread/INFO] [hbm]: [NTM Fluid<=>ForgeFluid Compat] Forge Fluid texture not found for: PUF6. Using default tinted
[21:38:40] [Client thread/INFO] [hbm]: [NTM Fluid<=>ForgeFluid Compat] Forge Fluid texture not found for: SAS3. Using default tinted
[21:38:40] [Client thread/INFO] [hbm]: [NTM Fluid<=>ForgeFluid Compat] Forge Fluid texture not found for: PAIN. Using default tinted
[21:38:40] [Client thread/INFO] [hbm]: [NTM Fluid<=>ForgeFluid Compat] Forge Fluid texture not found for: DEATH. Using default tinted
[21:38:40] [Client thread/INFO] [hbm]: [NTM Fluid<=>ForgeFluid Compat] Forge Fluid texture not found for: WATZ. Using default tinted
[21:38:40] [Client thread/INFO] [hbm]: [NTM Fluid<=>ForgeFluid Compat] Forge Fluid texture not found for: REDMUD. Using default tinted
[21:38:40] [Client thread/INFO] [hbm]: [NTM Fluid<=>ForgeFluid Compat] Forge Fluid texture not found for: FULLERENE. Using default tinted
[21:38:40] [Client thread/INFO] [hbm]: [NTM Fluid<=>ForgeFluid Compat] Forge Fluid texture not found for: EGG. Using default tinted
[21:38:40] [Client thread/INFO] [hbm]: [NTM Fluid<=>ForgeFluid Compat] Forge Fluid texture not found for: CHOLESTEROL. Using default tinted
[21:38:40] [Client thread/INFO] [hbm]: [NTM Fluid<=>ForgeFluid Compat] Forge Fluid texture not found for: CHLOROCALCITE_SOLUTION. Using default tinted
[21:38:40] [Client thread/INFO] [hbm]: [NTM Fluid<=>ForgeFluid Compat] Forge Fluid texture not found for: CHLOROCALCITE_MIX. Using default tinted
[21:38:40] [Client thread/INFO] [hbm]: [NTM Fluid<=>ForgeFluid Compat] Forge Fluid texture not found for: CHLOROCALCITE_CLEANED. Using default tinted
[21:38:40] [Client thread/INFO] [hbm]: [NTM Fluid<=>ForgeFluid Compat] Forge Fluid texture not found for: POTASSIUM_CHLORIDE. Using default tinted
[21:38:40] [Client thread/INFO] [hbm]: [NTM Fluid<=>ForgeFluid Compat] Forge Fluid texture not found for: CALCIUM_CHLORIDE. Using default tinted
[21:38:40] [Client thread/INFO] [hbm]: [NTM Fluid<=>ForgeFluid Compat] Forge Fluid texture not found for: CALCIUM_SOLUTION. Using default tinted
[21:38:40] [Client thread/INFO] [hbm]: [NTM Fluid<=>ForgeFluid Compat] Forge Fluid texture not found for: SODIUM_ALUMINATE. Using default tinted
[21:38:40] [Client thread/INFO] [hbm]: [NTM Fluid<=>ForgeFluid Compat] Forge Fluid texture not found for: BAUXITE_SOLUTION. Using default tinted
[21:38:40] [Client thread/INFO] [hbm]: [NTM Fluid<=>ForgeFluid Compat] Forge Fluid texture not found for: ALUMINA. Using default tinted
[21:38:40] [Client thread/INFO] [hbm]: [NTM Fluid<=>ForgeFluid Compat] Forge Fluid texture not found for: CONCRETE. Using default tinted
[21:38:40] [Client thread/INFO] [hbm]: [NTM Fluid<=>ForgeFluid Compat] Forge Fluid texture not found for: FRACKSOL. Using default tinted
[21:38:40] [Client thread/INFO] [hbm]: [NTM Fluid<=>ForgeFluid Compat] Forge Fluid texture not found for: LYE. Using default tinted
[21:38:40] [Client thread/INFO] [hbm]: [NTM Fluid<=>ForgeFluid Compat] Forge Fluid texture not found for: PHOSGENE. Using default tinted
[21:38:40] [Client thread/INFO] [hbm]: [NTM Fluid<=>ForgeFluid Compat] Forge Fluid texture not found for: MUSTARDGAS. Using default tinted
[21:38:40] [Client thread/INFO] [hbm]: [NTM Fluid<=>ForgeFluid Compat] Forge Fluid texture not found for: ESTRADIOL. Using default tinted
[21:38:40] [Client thread/INFO] [hbm]: [NTM Fluid<=>ForgeFluid Compat] Forge Fluid texture not found for: NITROGLYCERIN. Using default tinted
[21:38:40] [Client thread/INFO] [hbm]: [NTM Fluid<=>ForgeFluid Compat] Forge Fluid texture not found for: AMAT. Using default tinted
[21:38:40] [Client thread/INFO] [hbm]: [NTM Fluid<=>ForgeFluid Compat] Forge Fluid texture not found for: ASCHRAB. Using default tinted
[21:38:40] [Client thread/INFO] [hbm]: [NTM Fluid<=>ForgeFluid Compat] Forge Fluid texture not found for: WASTEFLUID. Using default tinted
[21:38:40] [Client thread/INFO] [hbm]: [NTM Fluid<=>ForgeFluid Compat] Forge Fluid texture not found for: WASTEGAS. Using default tinted
[21:38:40] [Client thread/INFO] [hbm]: [NTM Fluid<=>ForgeFluid Compat] Forge Fluid texture not found for: XPJUICE. Using default tinted
[21:38:40] [Client thread/INFO] [hbm]: [NTM Fluid<=>ForgeFluid Compat] Forge Fluid texture not found for: ENDERJUICE. Using default tinted
[21:38:40] [Client thread/INFO] [hbm]: [NTM Fluid<=>ForgeFluid Compat] Forge Fluid texture not found for: STELLAR_FLUX. Using default tinted
[21:38:40] [Client thread/INFO] [hbm]: [NTM Fluid<=>ForgeFluid Compat] Forge Fluid texture not found for: PLASMA_DT. Using default tinted
[21:38:40] [Client thread/INFO] [hbm]: [NTM Fluid<=>ForgeFluid Compat] Forge Fluid texture not found for: PLASMA_HD. Using default tinted
[21:38:40] [Client thread/INFO] [hbm]: [NTM Fluid<=>ForgeFluid Compat] Forge Fluid texture not found for: PLASMA_HT. Using default tinted
[21:38:40] [Client thread/INFO] [hbm]: [NTM Fluid<=>ForgeFluid Compat] Forge Fluid texture not found for: PLASMA_DH3. Using default tinted
[21:38:40] [Client thread/INFO] [hbm]: [NTM Fluid<=>ForgeFluid Compat] Forge Fluid texture not found for: PLASMA_XM. Using default tinted
[21:38:40] [Client thread/INFO] [hbm]: [NTM Fluid<=>ForgeFluid Compat] Forge Fluid texture not found for: PLASMA_BF. Using default tinted
[21:38:40] [Client thread/INFO] [hbm]: [NTM Fluid<=>ForgeFluid Compat] Forge Fluid texture not found for: SMOKE. Using default tinted
[21:38:40] [Client thread/INFO] [hbm]: [NTM Fluid<=>ForgeFluid Compat] Forge Fluid texture not found for: SMOKE_LEADED. Using default tinted
[21:38:40] [Client thread/INFO] [hbm]: [NTM Fluid<=>ForgeFluid Compat] Forge Fluid texture not found for: SMOKE_POISON. Using default tinted
[21:38:40] [Client thread/INFO] [hbm]: [NTM Fluid<=>ForgeFluid Compat] Forge Fluid texture not found for: PHEROMONE. Using default tinted
[21:38:40] [Client thread/INFO] [hbm]: [NTM Fluid<=>ForgeFluid Compat] Forge Fluid texture not found for: PHEROMONE_M. Using default tinted
[21:38:40] [Client thread/INFO] [hbm]: [NTM Fluid<=>ForgeFluid Compat] Forge Fluid texture not found for: HYDRAZINE. Using default tinted
[21:38:40] [Client thread/INFO] [hbm]: [NTM Fluid<=>ForgeFluid Compat] Forge Fluid texture not found for: CUSTOM_DEMO. Using default tinted
[21:38:40] [Client thread/INFO] [hbm]: Initializing PacketThreading in Optimized Single-Threaded mode.
[21:38:40] [Client thread/INFO] [FML]: Injecting itemstacks
[21:38:40] [Client thread/INFO] [FML]: Itemstack injection complete
[21:38:40] [Client thread/INFO] [worldedit]: WorldEdit for Forge (version 6.1.10) is loaded
[21:38:40] [Client thread/WARN] [net.minecraft.entity.passive.EntityVillager]: PriceRange(-4, -8) invalid, -8 smaller than -4
[21:38:40] [Client thread/INFO] [hbm]: No armor file found, registering defaults for _hbmArmor.json
[21:38:40] [Client thread/INFO] [hbm]: Starting recipe init!
[21:38:40] [Client thread/INFO] [hbm]: No recipe file found, registering defaults for hbmPress.json
[21:38:40] [Client thread/INFO] [hbm]: Writing template file _hbmPress.json
[21:38:40] [Client thread/INFO] [hbm]: No recipe file found, registering defaults for hbmBlastFurnaceLegacy.json
[21:38:40] [Client thread/INFO] [hbm]: Writing template file _hbmBlastFurnaceLegacy.json
[21:38:40] [Client thread/INFO] [hbm]: No recipe file found, registering defaults for hbmShredder.json
[21:38:40] [Client thread/INFO] [hbm]: Writing template file _hbmShredder.json
[21:38:40] [Client thread/INFO] [hbm]: No recipe file found, registering defaults for hbmSoldering.json
[21:38:40] [Client thread/INFO] [hbm]: Writing template file _hbmSoldering.json
[21:38:40] [Client thread/INFO] [hbm]: No recipe file found, registering defaults for hbmCombination.json
[21:38:40] [Client thread/INFO] [hbm]: Writing template file _hbmCombination.json
[21:38:40] [Client thread/INFO] [hbm]: No recipe file found, registering defaults for hbmCentrifuge.json
[21:38:40] [Client thread/INFO] [hbm]: Writing template file _hbmCentrifuge.json
[21:38:40] [Client thread/INFO] [hbm]: No recipe file found, registering defaults for hbmCrystallizer.json
[21:38:40] [Client thread/INFO] [hbm]: Writing template file _hbmCrystallizer.json
[21:38:40] [Client thread/INFO] [hbm]: No recipe file found, registering defaults for hbmFractions.json
[21:38:40] [Client thread/INFO] [hbm]: Writing template file _hbmFractions.json
[21:38:40] [Client thread/INFO] [hbm]: No recipe file found, registering defaults for hbmCracking.json
[21:38:40] [Client thread/INFO] [hbm]: Writing template file _hbmCracking.json
[21:38:40] [Client thread/INFO] [hbm]: No recipe file found, registering defaults for hbmReforming.json
[21:38:40] [Client thread/INFO] [hbm]: Writing template file _hbmReforming.json
[21:38:40] [Client thread/INFO] [hbm]: No recipe file found, registering defaults for hbmHydrotreating.json
[21:38:40] [Client thread/INFO] [hbm]: Writing template file _hbmHydrotreating.json
[21:38:40] [Client thread/INFO] [hbm]: No recipe file found, registering defaults for hbmLiquefactor.json
[21:38:40] [Client thread/INFO] [hbm]: Writing template file _hbmLiquefactor.json
[21:38:40] [Client thread/INFO] [hbm]: No recipe file found, registering defaults for hbmSolidifier.json
[21:38:40] [Client thread/INFO] [hbm]: Writing template file _hbmSolidifier.json
[21:38:40] [Client thread/INFO] [hbm]: No recipe file found, registering defaults for hbmCoker.json
[21:38:40] [Client thread/INFO] [hbm]: Writing template file _hbmCoker.json
[21:38:40] [Client thread/INFO] [hbm]: No recipe file found, registering defaults for hbmPyrolysis.json
[21:38:40] [Client thread/INFO] [hbm]: Writing template file _hbmPyrolysis.json
[21:38:40] [Client thread/INFO] [hbm]: No recipe file found, registering defaults for hbmBreeder.json
[21:38:40] [Client thread/INFO] [hbm]: Writing template file _hbmBreeder.json
[21:38:40] [Client thread/INFO] [hbm]: No recipe file found, registering defaults for hbmCyclotron.json
[21:38:40] [Client thread/INFO] [hbm]: Writing template file _hbmCyclotron.json
[21:38:40] [Client thread/INFO] [hbm]: No recipe file found, registering defaults for hbmMixer.json
[21:38:40] [Client thread/INFO] [hbm]: Writing template file _hbmMixer.json
[21:38:40] [Client thread/INFO] [hbm]: No recipe file found, registering defaults for hbmIrradiation.json
[21:38:40] [Client thread/INFO] [hbm]: Writing template file _hbmIrradiation.json
[21:38:40] [Client thread/INFO] [hbm]: No recipe file found, registering defaults for hbmIrradiationFluids.json
[21:38:40] [Client thread/INFO] [hbm]: Writing template file _hbmIrradiationFluids.json
[21:38:40] [Client thread/INFO] [hbm]: No recipe file found, registering defaults for hbmCompressor.json
[21:38:40] [Client thread/INFO] [hbm]: Writing template file _hbmCompressor.json
[21:38:40] [Client thread/INFO] [hbm]: No recipe file found, registering defaults for hbmElectrolyzerFluid.json
[21:38:40] [Client thread/INFO] [hbm]: Writing template file _hbmElectrolyzerFluid.json
[21:38:40] [Client thread/INFO] [hbm]: No recipe file found, registering defaults for hbmElectrolyzerMetal.json
[21:38:40] [Client thread/INFO] [hbm]: Writing template file _hbmElectrolyzerMetal.json
[21:38:40] [Client thread/INFO] [hbm]: No recipe file found, registering defaults for hbmArcWelder.json
[21:38:40] [Client thread/INFO] [hbm]: Writing template file _hbmArcWelder.json
[21:38:40] [Client thread/INFO] [hbm]: No recipe file found, registering defaults for hbmRotaryFurnace.json
[21:38:40] [Client thread/INFO] [hbm]: Writing template file _hbmRotaryFurnace.json
[21:38:40] [Client thread/INFO] [hbm]: No recipe file found, registering defaults for hbmExposureChamber.json
[21:38:40] [Client thread/INFO] [hbm]: Writing template file _hbmExposureChamber.json
[21:38:40] [Client thread/INFO] [hbm]: No recipe file found, registering defaults for hbmParticleAccelerator.json
[21:38:40] [Client thread/INFO] [hbm]: Writing template file _hbmParticleAccelerator.json
[21:38:40] [Client thread/INFO] [hbm]: No recipe file found, registering defaults for hbmAmmoPress.json
[21:38:40] [Client thread/INFO] [hbm]: Writing template file _hbmAmmoPress.json
[21:38:40] [Client thread/INFO] [hbm]: No recipe file found, registering defaults for hbmFuelpool.json
[21:38:40] [Client thread/INFO] [hbm]: Writing template file _hbmFuelpool.json
[21:38:40] [Client thread/INFO] [hbm]: No recipe file found, registering defaults for hbmAnvil.json
[21:38:40] [Client thread/INFO] [hbm]: Writing template file _hbmAnvil.json
[21:38:40] [Client thread/INFO] [hbm]: No recipe file found, registering defaults for hbmPedestal.json
[21:38:40] [Client thread/INFO] [hbm]: Writing template file _hbmPedestal.json
[21:38:40] [Client thread/INFO] [hbm]: No recipe file found, registering defaults for hbmAnnihilator.json
[21:38:40] [Client thread/INFO] [hbm]: Writing template file _hbmAnnihilator.json
[21:38:40] [Client thread/INFO] [hbm]: No recipe file found, registering defaults for hbmCrucible.json
[21:38:40] [Client thread/INFO] [hbm]: Writing template file _hbmCrucible.json
[21:38:40] [Client thread/INFO] [hbm]: No recipe file found, registering defaults for hbmAssemblyMachine.json
[21:38:40] [Client thread/INFO] [hbm]: Writing template file _hbmAssemblyMachine.json
[21:38:40] [Client thread/INFO] [hbm]: No recipe file found, registering defaults for hbmChemicalPlant.json
[21:38:40] [Client thread/INFO] [hbm]: Writing template file _hbmChemicalPlant.json
[21:38:40] [Client thread/INFO] [hbm]: No recipe file found, registering defaults for hbmPUREX.json
[21:38:40] [Client thread/INFO] [hbm]: Writing template file _hbmPUREX.json
[21:38:40] [Client thread/INFO] [hbm]: No recipe file found, registering defaults for hbmFusion.json
[21:38:40] [Client thread/INFO] [hbm]: Writing template file _hbmFusion.json
[21:38:40] [Client thread/INFO] [hbm]: No recipe file found, registering defaults for hbmPrecisionAssembly.json
[21:38:40] [Client thread/INFO] [hbm]: Writing template file _hbmPrecisionAssembly.json
[21:38:40] [Client thread/INFO] [hbm]: No recipe file found, registering defaults for hbmPlasmaForge.json
[21:38:40] [Client thread/INFO] [hbm]: Writing template file _hbmPlasmaForge.json
[21:38:40] [Client thread/INFO] [hbm]: No recipe file found, registering defaults for hbmBlastFurnace.json
[21:38:40] [Client thread/INFO] [hbm]: Writing template file _hbmBlastFurnace.json
[21:38:40] [Client thread/INFO] [hbm]: No recipe file found, registering defaults for hbmRockMill.json
[21:38:40] [Client thread/INFO] [hbm]: Writing template file _hbmRockMill.json
[21:38:40] [Client thread/INFO] [hbm]: No recipe file found, registering defaults for hbmSuperComputer.json
[21:38:40] [Client thread/INFO] [hbm]: Writing template file _hbmSuperComputer.json
[21:38:40] [Client thread/INFO] [hbm]: No recipe file found, registering defaults for hbmCrucibleSmelting.json
[21:38:40] [Client thread/INFO] [hbm]: GTCEu loaded = false
[21:38:40] [Client thread/INFO] [hbm]: Writing template file _hbmCrucibleSmelting.json
[21:38:40] [Client thread/INFO] [hbm]: No recipe file found, registering defaults for hbmCustomMachines.json
[21:38:40] [Client thread/INFO] [hbm]: Writing template file _hbmCustomMachines.json
[21:38:40] [Client thread/INFO] [hbm]: No recipe file found, registering defaults for hbmArcFurnace.json
[21:38:40] [Client thread/INFO] [hbm]: Writing template file _hbmArcFurnace.json
[21:38:40] [Client thread/INFO] [hbm]: Finished recipe init!
[21:38:40] [Client thread/INFO] [hbm]: NTMFluidCapabilityHandler init: mapped 157 Forge Fluids, tracking 37 items.
[21:38:40] [Client thread/INFO] [jei]: Starting JEI...
[21:38:41] [Client thread/INFO] [jei]: Registering recipe categories...
[21:38:41] [Client thread/WARN] [hbm]: JEIUniversalHandler: extractInputLists failed for type class com.hbm.inventory.RecipesCommon$OreDictStack
[21:38:41] [Client thread/WARN] [hbm]: JEIUniversalHandler: extractInputLists failed for type class com.hbm.inventory.RecipesCommon$OreDictStack
[21:38:41] [Client thread/WARN] [hbm]: JEIUniversalHandler: extractInputLists failed for type class com.hbm.inventory.RecipesCommon$OreDictStack
[21:38:41] [Client thread/INFO] [jei]: Registering recipe categories took 121.2 ms
[21:38:41] [Client thread/INFO] [jei]: Registering mod plugins...
[21:38:41] [Client thread/INFO] [extrautils2]: minecraft:empty null
[21:38:41] [Client thread/INFO] [extrautils2]: minecraft:water 0
[21:38:41] [Client thread/INFO] [extrautils2]: minecraft:mundane 1
[21:38:41] [Client thread/INFO] [extrautils2]: minecraft:thick 1
[21:38:41] [Client thread/INFO] [extrautils2]: minecraft:awkward 1
[21:38:41] [Client thread/INFO] [extrautils2]: minecraft:night_vision 2
[21:38:41] [Client thread/INFO] [extrautils2]: minecraft:long_night_vision 3
[21:38:41] [Client thread/INFO] [extrautils2]: minecraft:invisibility 3
[21:38:41] [Client thread/INFO] [extrautils2]: minecraft:long_invisibility 4
[21:38:41] [Client thread/INFO] [extrautils2]: minecraft:leaping 2
[21:38:41] [Client thread/INFO] [extrautils2]: minecraft:long_leaping 3
[21:38:41] [Client thread/INFO] [extrautils2]: minecraft:strong_leaping 3
[21:38:41] [Client thread/INFO] [extrautils2]: minecraft:fire_resistance 2
[21:38:41] [Client thread/INFO] [extrautils2]: minecraft:long_fire_resistance 3
[21:38:41] [Client thread/INFO] [extrautils2]: minecraft:swiftness 2
[21:38:41] [Client thread/INFO] [extrautils2]: minecraft:long_swiftness 3
[21:38:41] [Client thread/INFO] [extrautils2]: minecraft:strong_swiftness 3
[21:38:41] [Client thread/INFO] [extrautils2]: minecraft:slowness 3
[21:38:41] [Client thread/INFO] [extrautils2]: minecraft:long_slowness 4
[21:38:41] [Client thread/INFO] [extrautils2]: minecraft:water_breathing 2
[21:38:41] [Client thread/INFO] [extrautils2]: minecraft:long_water_breathing 3
[21:38:41] [Client thread/INFO] [extrautils2]: minecraft:healing 2
[21:38:41] [Client thread/INFO] [extrautils2]: minecraft:strong_healing 3
[21:38:41] [Client thread/INFO] [extrautils2]: minecraft:harming 3
[21:38:41] [Client thread/INFO] [extrautils2]: minecraft:strong_harming 4
[21:38:41] [Client thread/INFO] [extrautils2]: minecraft:poison 2
[21:38:41] [Client thread/INFO] [extrautils2]: minecraft:long_poison 3
[21:38:41] [Client thread/INFO] [extrautils2]: minecraft:strong_poison 3
[21:38:41] [Client thread/INFO] [extrautils2]: minecraft:regeneration 2
[21:38:41] [Client thread/INFO] [extrautils2]: minecraft:long_regeneration 3
[21:38:41] [Client thread/INFO] [extrautils2]: minecraft:strong_regeneration 3
[21:38:41] [Client thread/INFO] [extrautils2]: minecraft:strength 2
[21:38:41] [Client thread/INFO] [extrautils2]: minecraft:long_strength 3
[21:38:41] [Client thread/INFO] [extrautils2]: minecraft:strong_strength 3
[21:38:41] [Client thread/INFO] [extrautils2]: minecraft:weakness 1
[21:38:41] [Client thread/INFO] [extrautils2]: minecraft:long_weakness 2
[21:38:41] [Client thread/INFO] [extrautils2]: minecraft:luck null
[21:38:41] [Client thread/INFO] [extrautils2]: extrautils2:xu2.doom null
[21:38:41] [Client thread/INFO] [extrautils2]: extrautils2:xu2.gravity 2
[21:38:41] [Client thread/INFO] [extrautils2]: extrautils2:xu2.gravity.long 3
[21:38:41] [Client thread/INFO] [extrautils2]: extrautils2:xu2.second.chance 4
[21:38:41] [Client thread/INFO] [extrautils2]: extrautils2:xu2.greek.fire 3
[21:38:41] [Client thread/INFO] [extrautils2]: extrautils2:oily 2
[21:38:41] [Client thread/INFO] [extrautils2]: extrautils2:xu2.fizzy.lifting 3
[21:38:41] [Client thread/INFO] [extrautils2]: extrautils2:xu2.relapse 2
[21:38:41] [Client thread/INFO] [extrautils2]: extrautils2:xu2.love 2
[21:38:41] [Client thread/INFO] [extrautils2]: extrautils2:xu2.purging 2
[21:38:41] [Client thread/INFO] [jei]: Added recipe registry plugin: class com.hbm.handler.jei.FluidIconRecipeRegistryPlugin
[21:38:41] [Client thread/INFO] [jei]: Registering mod plugins took 359.7 ms
[21:38:41] [Client thread/INFO] [jei]: Building recipe registry...
[21:38:41] [Client thread/INFO] [jei]: Building recipe registry took 177.7 ms
[21:38:41] [Client thread/INFO] [jei]: Building ingredient list...
[21:38:41] [Client thread/INFO] [jei]: Building ingredient list took 35.10 ms
[21:38:41] [Client thread/INFO] [jei]: Building ingredient filter...
[21:38:42] [Client thread/INFO] [jei]: Building ingredient filter took 687.8 ms
[21:38:42] [Client thread/INFO] [jei]: Building bookmarks...
[21:38:42] [Client thread/INFO] [jei]: Building bookmarks took 2.023 ms
[21:38:42] [Client thread/INFO] [jei]: Building runtime...
[21:38:42] [Client thread/INFO] [jei]: Building runtime took 44.50 ms
[21:38:42] [Client thread/INFO] [jei]: Optimizing memory usage...
[21:38:42] [Client thread/INFO] [jei]: Optimizing memory usage took 83.10 ms
[21:38:42] [Client thread/INFO] [jei]: Starting JEI took 1.766 s
[21:38:42] [Client thread/INFO] [hbm]: Clearing HBM hazard calculation caches.
[21:38:43] [Client thread/INFO] [FML]: Forge Mod Loader has successfully loaded 16 mods
[21:38:43] [Client thread/WARN] [net.minecraft.client.settings.GameSettings]: Skipping bad option: lastServer:
[21:38:43] [Client thread/WARN] [com.mojang.text2speech.NarratorLinux]: ERROR : Couldn't load Narrator library : Unable to load library 'fliteWrapper': Can't obtain InputStream for linux-x86-64/libfliteWrapper.so
[21:38:43] [Client thread/ERROR] [FML.TEXTURE_ERRORS]: +=+=+=+=+=+=+=+=+=+=+=+=+=+=+=+=+=+=+=+=+=+=+=+=+=
[21:38:43] [Client thread/ERROR] [FML.TEXTURE_ERRORS]: The following texture errors were found.
[21:38:43] [Client thread/ERROR] [FML.TEXTURE_ERRORS]: ==================================================
[21:38:43] [Client thread/ERROR] [FML.TEXTURE_ERRORS]:   DOMAIN extrautils2
[21:38:43] [Client thread/ERROR] [FML.TEXTURE_ERRORS]: --------------------------------------------------
[21:38:43] [Client thread/ERROR] [FML.TEXTURE_ERRORS]:   domain extrautils2 is missing 1 texture
[21:38:43] [Client thread/ERROR] [FML.TEXTURE_ERRORS]:     domain extrautils2 has 1 location:
[21:38:43] [Client thread/ERROR] [FML.TEXTURE_ERRORS]:       unknown resourcepack type net.minecraft.client.resources.LegacyV2Adapter : FMLFileResourcePack:Extra Utilities 2
[21:38:43] [Client thread/ERROR] [FML.TEXTURE_ERRORS]: -------------------------
[21:38:43] [Client thread/ERROR] [FML.TEXTURE_ERRORS]:     The missing resources for domain extrautils2 are:
[21:38:43] [Client thread/ERROR] [FML.TEXTURE_ERRORS]:       textures/potions/purging.png
[21:38:43] [Client thread/ERROR] [FML.TEXTURE_ERRORS]: -------------------------
[21:38:43] [Client thread/ERROR] [FML.TEXTURE_ERRORS]:     No other errors exist for domain extrautils2
[21:38:43] [Client thread/ERROR] [FML.TEXTURE_ERRORS]: ==================================================
[21:38:43] [Client thread/ERROR] [FML.TEXTURE_ERRORS]: +=+=+=+=+=+=+=+=+=+=+=+=+=+=+=+=+=+=+=+=+=+=+=+=+=
[21:38:44] [Realms Notification Availability checker #1/INFO] [com.mojang.realmsclient.client.RealmsClient]: Could not authorize you against Realms server: java.lang.RuntimeException: Failed to parse into SignedJWT: 0
[21:38:46] [Client thread/INFO] [HBM CoreMod]: Patching class net.minecraft.server.management.PlayerInteractionManager / net.minecraft.server.management.PlayerInteractionManager
[21:38:46] [Client thread/INFO] [HBM CoreMod]: Patching method: processRightClickBlock(Lnet/minecraft/entity/player/EntityPlayer;Lnet/minecraft/world/World;Lnet/minecraft/item/ItemStack;Lnet/minecraft/util/EnumHand;Lnet/minecraft/util/math/BlockPos;Lnet/minecraft/util/EnumFacing;FFF)Lnet/minecraft/util/EnumActionResult;
[21:38:46] [Client thread/INFO] [HBM CoreMod]: Injected PlayerInteractionManagerHook.onSpectatorRightClickBlock before spectator PASS return
[21:38:46] [Client thread/INFO] [STDOUT]: [team.chisel.ctm.client.asm.CTMTransformer:preTransform:230]: Transforming Class [net.minecraft.block.Block], Method [getExtendedState]
[21:38:46] [Client thread/INFO] [STDOUT]: [team.chisel.ctm.client.asm.CTMTransformer:finishTransform:242]: Transforming net.minecraft.block.Block Finished.
[21:38:46] [Server thread/INFO] [net.minecraft.server.integrated.IntegratedServer]: Starting integrated minecraft server version 1.12.2
[21:38:46] [Server thread/INFO] [net.minecraft.server.integrated.IntegratedServer]: Generating keypair
[21:38:47] [Server thread/INFO] [FML]: Injecting existing registry data into this server instance
[21:38:48] [Server thread/INFO] [FML]: Applying holder lookups
[21:38:48] [Server thread/INFO] [FML]: Holder lookups applied
[21:38:48] [Server thread/INFO] [FML]: Loading dimension 0 (New World) (net.minecraft.server.integrated.IntegratedServer@712f8442)
[21:38:48] [Server thread/INFO] [net.minecraft.advancements.AdvancementList]: Loaded 553 advancements
[21:38:48] [Server thread/INFO] [FML]: Loading dimension -1 (New World) (net.minecraft.server.integrated.IntegratedServer@712f8442)
[21:38:48] [Server thread/INFO] [FML]: Loading dimension 1 (New World) (net.minecraft.server.integrated.IntegratedServer@712f8442)
[21:38:48] [Server thread/INFO] [FML]: Loading dimension -11325 (New World) (net.minecraft.server.integrated.IntegratedServer@712f8442)
[21:38:48] [Server thread/INFO] [FML]: Loading dimension -9999 (New World) (net.minecraft.server.integrated.IntegratedServer@712f8442)
[21:38:48] [Server thread/INFO] [net.minecraft.server.MinecraftServer]: Preparing start region for level 0
[21:38:49] [Server thread/INFO] [net.minecraft.server.MinecraftServer]: Preparing spawn area: 83%
[21:38:50] [Server thread/INFO] [FML]: Unloading dimension -1
[21:38:50] [Server thread/INFO] [FML]: Unloading dimension 1
[21:38:50] [Server thread/INFO] [FML]: Unloading dimension -11325
[21:38:50] [Server thread/INFO] [net.minecraft.server.integrated.IntegratedServer]: Changing view distance to 32, from 10
[21:38:50] [Netty Local Client IO #0/INFO] [FML]: Server protocol version 2
[21:38:50] [Netty Server IO #1/INFO] [FML]: Client protocol version 2
[21:38:50] [Netty Server IO #1/INFO] [FML]: Client attempting to join with 16 mods : minecraft@1.12.2,hbmcore@1.12.2-4.0.1,FML@8.0.99.99,theoneprobe@1.4.28,gca@1.0.0,mixinbooter@10.7,worldedit@6.1.10,jei@4.16.1.302,hbm@2.6.0.0,forge@14.23.5.2847,extrautils2@1.0,tickratechanger@1.0.14,mcp@9.42,ctm@MC1.12.2-1.0.2.31,backups@1.5.7,naturescompass@1.8.5
[21:38:50] [Server thread/INFO] [FML]: [Server thread] Server side modded connection established
[21:38:50] [Netty Local Client IO #0/INFO] [FML]: [Netty Local Client IO #0] Client side modded connection established
[21:38:50] [Server thread/INFO] [net.minecraft.server.management.PlayerList]: gommer[local:E:9a612da9] logged in with entity id 307 at (-138.78342906810974, 75.0, 126.46285690615042)
[21:38:50] [Server thread/INFO] [net.minecraft.server.MinecraftServer]: gommer joined the game
[21:38:50] [Netty Local Client IO #0/INFO] [Tickrate Changer]: Updating server tickrate to 20.0
[21:38:50] [Netty Local Client IO #0/INFO] [Tickrate Changer]: Updating client tickrate to 20.0
[21:38:50] [Server thread/INFO] [hbm]: Sending recipes to client!
[21:38:52] [Server thread/INFO] [net.minecraft.server.integrated.IntegratedServer]: Saving and pausing game...
[21:38:52] [Netty Local Client IO #0/INFO] [Tickrate Changer]: Updating client tickrate to 20.0
[21:38:52] [Server thread/INFO] [net.minecraft.server.MinecraftServer]: Saving chunks for level 'New World'/overworld
[21:38:52] [Client thread/INFO] [net.minecraft.client.gui.GuiNewChat]: [CHAT] Loaded world with Hbm's Nuclear Tech Mod 2.6.0.0 for Minecraft 1.12.2!
[21:38:52] [Client thread/INFO] [net.minecraft.advancements.AdvancementList]: Loaded 20 advancements
[21:38:52] [Server thread/INFO] [net.minecraft.server.MinecraftServer]: Saving chunks for level 'New World'/ExtraUtils2_Quarry_Dim
[21:38:52] [Server thread/INFO] [net.minecraft.server.integrated.IntegratedServer]: Saving and pausing game...
[21:38:52] [Server thread/INFO] [net.minecraft.server.MinecraftServer]: Saving chunks for level 'New World'/overworld
[21:38:53] [Server thread/INFO] [net.minecraft.server.MinecraftServer]: Saving chunks for level 'New World'/ExtraUtils2_Quarry_Dim
